tag-groups,urls_explorer,self_reported_tags,is_hidden,name,subreddit,urls_source_code,category,symbol,urls_reddit,notice,urls_website,id,slug,urls_chat,platform_slug,urls_technical_doc,self_reported_market_cap,urls_message_board,platform,platform_name,logo,contract_address,infinite_supply,platform_id,platform_token_address,date_added,tags,twitter_username,urls_facebook,date_launched,self_reported_circulating_supply,urls_announcement,tag-names,urls_twitter,platform_symbol,description
OTHERS; ALGORITHM; ALGORITHM; CATEGORY; CATEGORY; CATEGORY; CATEGORY; CATEGORY; CATEGORY; CATEGORY; CATEGORY; CATEGORY; CATEGORY; CATEGORY; CATEGORY; CATEGORY; CATEGORY; CATEGORY; CATEGORY; CATEGORY; CATEGORY; CATEGORY; CATEGORY; CATEGORY; CATEGORY; CATEGORY; CATEGORY; CATEGORY; PLATFORM; CATEGORY; CATEGORY,https://blockchain.info/; https://live.blockcypher.com/btc/; https://blockchair.com/bitcoin; https://explorer.viabtc.com/btc; https://www.okx.com/web3/explorer/btc,,0,Bitcoin,bitcoin,https://github.com/bitcoin/bitcoin,coin,BTC,https://reddit.com/r/bitcoin,,https://bitcoin.org/,1,bitcoin,,,https://bitcoin.org/bitcoin.pdf,,https://bitcointalk.org,,,https://s2.coinmarketcap.com/static/img/coins/64x64/1.png,,False,,,2010-07-13T00:00:00.000Z,mineable; pow; sha-256; store-of-value; state-channel; coinbase-ventures-portfolio; three-arrows-capital-portfolio; polychain-capital-portfolio; binance-labs-portfolio; blockchain-capital-portfolio; boostvc-portfolio; cms-holdings-portfolio; dcg-portfolio; dragonfly-capital-portfolio; electric-capital-portfolio; fabric-ventures-portfolio; framework-ventures-portfolio; galaxy-digital-portfolio; huobi-capital-portfolio; alameda-research-portfolio; a16z-portfolio; 1confirmation-portfolio; winklevoss-capital-portfolio; usv-portfolio; placeholder-ventures-portfolio; pantera-capital-portfolio; multicoin-capital-portfolio; paradigm-portfolio; bitcoin-ecosystem; ftx-bankruptcy-estate; 2017-2018-alt-season,,,2010-07-13T00:00:00.000Z,,,Mineable; PoW; SHA-256; Store Of Value; State Channel; Coinbase Ventures Portfolio; Three Arrows Capital Portfolio; Polychain Capital Portfolio; Binance Labs Portfolio; Blockchain Capital Portfolio; BoostVC Portfolio; CMS Holdings Portfolio; DCG Portfolio; DragonFly Capital Portfolio; Electric Capital Portfolio; Fabric Ventures Portfolio; Framework Ventures Portfolio; Galaxy Digital Portfolio; Huobi Capital Portfolio; Alameda Research Portfolio; a16z Portfolio; 1Confirmation Portfolio; Winklevoss Capital Portfolio; USV Portfolio; Placeholder Ventures Portfolio; Pantera Capital Portfolio; Multicoin Capital Portfolio; Paradigm Portfolio; Bitcoin Ecosystem; FTX Bankruptcy Estate ; 2017/18 Alt season,,,"Bitcoin (BTC) is a cryptocurrency launched in 2010. Users are able to generate BTC through the process of mining. Bitcoin has a current supply of 19,826,156. The last known price of Bitcoin is 95,009.3606247 USD and is down -1.17 over the last 24 hours. It is currently trading on 11946 active market(s) with $36,966,989,832.47 traded over the last 24 hours. More information can be found at https://bitcoin.org/."
OTHERS; ALGORITHM; ALGORITHM; INDUSTRY; PLATFORM; CATEGORY; CATEGORY; PLATFORM; CATEGORY,https://blockchair.com/litecoin; https://chainz.cryptoid.info/ltc/; http://explorer.litecoin.net/chain/Litecoin; https://www.okx.com/web3/explorer/ltc; https://bscscan.com/token/0x4338665cbb7b2485a8855a139b75d5e34ab0db94,,0,Litecoin,litecoin,https://github.com/litecoin-project/litecoin,coin,LTC,https://reddit.com/r/litecoin,,https://litecoin.org/,2,litecoin,https://telegram.me/litecoin,bnb,,,https://litecointalk.io/; https://litecoin-foundation.org/,,BNB,https://s2.coinmarketcap.com/static/img/coins/64x64/2.png,"{'contract_address': '0x4338665cbb7b2485a8855a139b75d5e34ab0db94', 'platform': {'name': 'BNB Smart Chain (BEP20)', 'coin': {'id': '1839', 'name': 'BNB', 'symbol': 'BNB', 'slug': 'bnb'}}}; {'contract_address': '0xecb56cf772b5c9a6907fb7d32387da2fcbfb63b4', 'platform': {'name': 'HECO', 'coin': {'id': '2502', 'name': 'Huobi Token', 'symbol': 'HT', 'slug': 'htx-token'}}}; {'contract_address': '0x13e93721dc992b3e14333dbdb48c0e7ec55431c3', 'platform': {'name': 'Hoo Smart Chain', 'coin': {'id': '15165', 'name': 'Hoo Smart Chain', 'symbol': 'HSC', 'slug': 'hoo-smart-chain'}}}",False,1839,0x4338665cbb7b2485a8855a139b75d5e34ab0db94,2013-04-28T00:00:00.000Z,mineable; pow; scrypt; medium-of-exchange; heco-ecosystem; layer-1; 2017-2018-alt-season; hoo-smart-chain-ecosystem; made-in-america,litecoin,,,,https://bitcointalk.org/index.php?topic=47417.0,Mineable; PoW; Scrypt; Medium of Exchange; HECO Ecosystem; Layer 1; 2017/18 Alt season; Hoo Smart Chain Ecosystem; Made in America,https://twitter.com/litecoin,BNB,"Litecoin (LTC) is a cryptocurrency . Users are able to generate LTC through the process of mining. Litecoin has a current supply of 84,000,000 with 75,547,087.0540892 in circulation. The last known price of Litecoin is 128.28636146 USD and is up 2.97 over the last 24 hours. It is currently trading on 1315 active market(s) with $1,297,028,468.15 traded over the last 24 hours. More information can be found at https://litecoin.org/."
OTHERS; ALGORITHM; ALGORITHM; CATEGORY,https://nmc.tokenview.com/; https://www.namebrow.se/; https://namecha.in/; https://chainz.cryptoid.info/nmc/,,0,Namecoin,namecoin,https://github.com/namecoin,coin,NMC,https://reddit.com/r/namecoin,,https://www.namecoin.org/,3,namecoin,https://www.namecoin.org/resources/chat/,,https://www.namecoin.org/resources/whitepaper/,,,,,https://s2.coinmarketcap.com/static/img/coins/64x64/3.png,,False,,,2013-04-28T00:00:00.000Z,mineable; pow; sha-256; platform,Namecoin,,,,https://bitcointalk.org/?topic=6017.0,Mineable; PoW; SHA-256; Platform,https://twitter.com/Namecoin,,"Namecoin (NMC) is a cryptocurrency . Users are able to generate NMC through the process of mining. Namecoin has a current supply of 14,736,400. The last known price of Namecoin is 1.01930553 USD and is down -0.39 over the last 24 hours. It is currently trading on 7 active market(s) with $4,612.07 traded over the last 24 hours. More information can be found at https://www.namecoin.org/."
OTHERS; ALGORITHM; ALGORITHM; CATEGORY,https://insight.terracoin.io/; https://explorer.terracoin.io/chain/Terracoin; https://chainz.cryptoid.info/trc/,Hybrid - PoW & PoS; SHA-256; Philanthropy; Store Of Value; Atomic Swaps; Privacy; Mixer & Coinjoin; Masternodes; DAO; Wallet; Governance; Layer 1,0,Terracoin,terracoin,https://github.com/terracoin,coin,TRC,https://reddit.com/r/terracoin,,http://www.terracoin.io/,4,terracoin,https://discord.gg/enjYkRmxm9; https://t.me/terracoin,,https://wiki.terracoin.io/view/Whitepaper,626674.8484376448,https://medium.com/@clockuniverse,,,https://s2.coinmarketcap.com/static/img/coins/64x64/4.png,,False,,,2013-04-28T00:00:00.000Z,mineable; pow; sha-256; masternodes,Terracoin_TRC,https://www.facebook.com/TheTerracoinFoundation,2012-10-26T00:00:00.000Z,34595548.64956619,https://bitcointalk.org/index.php?topic=1364146.0,Mineable; PoW; SHA-256; Masternodes,https://twitter.com/Terracoin_TRC,,"Terracoin (TRC) is a cryptocurrency launched in 2012. Users are able to generate TRC through the process of mining. Terracoin has a current supply of 34,595,481.14956619 with 0 in circulation. The last known price of Terracoin is 0.01804954 USD and is down -1.19 over the last 24 hours. It is currently trading on 7 active market(s) with $3,950.17 traded over the last 24 hours. More information can be found at http://www.terracoin.io/."
OTHERS; ALGORITHM; ALGORITHM; INDUSTRY; CATEGORY; INDUSTRY; CATEGORY; PLATFORM; PLATFORM,https://chainz.cryptoid.info/ppc/; https://explorer.peercoin.net/; https://etherscan.io/token/0x044d078F1c86508e13328842Cc75AC021B272958; https://polygonscan.com/token/0x91E7E32C710661C44ae44D10Aa86135d91C3Ed65,,0,Peercoin,peercoin,https://github.com/peercoin/peercoin,coin,PPC,https://reddit.com/r/peercoin,,http://www.peercoin.net,5,peercoin,https://t.me/peercoin; https://discord.gg/m294ReV,ethereum,https://docs.peercoin.net/,,https://talk.peercoin.net,,Ethereum,https://s2.coinmarketcap.com/static/img/coins/64x64/5.png,"{'contract_address': '0x044d078F1c86508e13328842Cc75AC021B272958', 'platform': {'name': 'Ethereum', 'coin': {'id': '1027', 'name': 'Ethereum', 'symbol': 'ETH', 'slug': 'ethereum'}}}; {'contract_address': '0x91E7E32C710661C44ae44D10Aa86135d91C3Ed65', 'platform': {'name': 'Polygon', 'coin': {'id': '28321', 'name': 'POL (prev. MATIC)', 'symbol': 'POL', 'slug': 'polygon-ecosystem-token'}}}",False,1027,0x044d078F1c86508e13328842Cc75AC021B272958,2013-04-28T00:00:00.000Z,mineable; hybrid-pow-pos; sha-256; medium-of-exchange; store-of-value; payments; staking; ethereum-ecosystem; polygon-ecosystem,PeercoinPPC,,,,https://bitcointalk.org/index.php?topic=101820.0,Mineable; Hybrid - PoW & PoS; SHA-256; Medium of Exchange; Store Of Value; Payments; Staking; Ethereum Ecosystem; Polygon Ecosystem,https://twitter.com/PeercoinPPC,ETH,"Peercoin (PPC) is a cryptocurrency . Users are able to generate PPC through the process of mining. Peercoin has a current supply of 29,407,707.14721135. The last known price of Peercoin is 0.46557102 USD and is up 0.94 over the last 24 hours. It is currently trading on 42 active market(s) with $82,382.50 traded over the last 24 hours. More information can be found at http://www.peercoin.net."
OTHERS; ALGORITHM; ALGORITHM; PLATFORM,https://chainz.cryptoid.info/nvc/; https://explorer.novaco.in/; http://nvc-explorer.ewmcx.info/,,0,Novacoin,NovacoinCommunity/,https://github.com/novacoin-project/novacoin,coin,NVC,https://reddit.com/r/NovacoinCommunity/,,https://nova-coin.org; https://novacoin.one,6,novacoin,https://discord.gg/6juXnsSkGa; https://t.me/NovaCoin_EN,bnb,https://github.com/novacoin-project/novacoin/wiki,126727.5047311557,,,BNB,https://s2.coinmarketcap.com/static/img/coins/64x64/6.png,"{'contract_address': '0xbf84720097de111a80f46f9d077643967042841a', 'platform': {'name': 'BNB Smart Chain (BEP20)', 'coin': {'id': '1839', 'name': 'BNB', 'symbol': 'BNB', 'slug': 'bnb'}}}",False,1839,0xbf84720097de111a80f46f9d077643967042841a,2013-04-28T00:00:00.000Z,mineable; hybrid-pow-pos; scrypt; bnb-chain-ecosystem,Novacoin_NVC,,2013-02-05T00:00:00.000Z,4923100.236218,https://bitcointalk.org/index.php?topic=5189560.0,Mineable; Hybrid - PoW & PoS; Scrypt; BNB Chain Ecosystem,https://twitter.com/Novacoin_NVC,BNB,"Novacoin (NVC) is a cryptocurrency launched in 2013. Users are able to generate NVC through the process of mining. Novacoin has a current supply of 4,526,390.522174 with 0 in circulation. The last known price of Novacoin is 0.02564934 USD and is down -23.77 over the last 24 hours. It is currently trading on 4 active market(s) with $55.70 traded over the last 24 hours. More information can be found at https://nova-coin.org."
OTHERS; ALGORITHM; ALGORITHM; INDUSTRY; CATEGORY; INDUSTRY,http://explorer.feathercoin.com/; https://chainz.cryptoid.info/ftc/; https://fsight.chain.tips/,,0,Feathercoin,FeatherCoin,https://github.com/FeatherCoin/Feathercoin,coin,FTC,https://reddit.com/r/FeatherCoin,,http://feathercoin.com,8,feathercoin,https://telegram.me/feathercoinofficial,,https://feathercoin.com/about/,,https://forum.feathercoin.com,,,https://s2.coinmarketcap.com/static/img/coins/64x64/8.png,,False,,,2013-05-03T00:00:00.000Z,mineable; pow; neoscrypt; medium-of-exchange; collectibles-nfts; payments,Feathercoin,,,,https://bitcointalk.org/index.php?topic=178286.0,Mineable; PoW; NeoScrypt; Medium of Exchange; Collectibles & NFTs; Payments,https://twitter.com/Feathercoin,,"Feathercoin (FTC) is a cryptocurrency . Users are able to generate FTC through the process of mining. Feathercoin has a current supply of 336,000,000 with 236,600,238 in circulation. The last known price of Feathercoin is 0.00569985 USD and is down -1.19 over the last 24 hours. It is currently trading on 12 active market(s) with $88.64 traded over the last 24 hours. More information can be found at http://feathercoin.com."
OTHERS; ALGORITHM; ALGORITHM,http://freicoin.info/chain/Freicoin,,0,Freicoin,,https://github.com/freicoin/freicoin,coin,FRC,,,http://freico.in,10,freicoin,,,http://freico.in/docs/freimarkets.pdf,,https://freicoinalliance.com/,,,https://s2.coinmarketcap.com/static/img/coins/64x64/10.png,,False,,,2013-05-03T00:00:00.000Z,mineable; pow; sha-256,Freicoin,,,,,Mineable; PoW; SHA-256,https://twitter.com/Freicoin,,"Freicoin (FRC) is a cryptocurrency . Users are able to generate FRC through the process of mining. Freicoin has a current supply of 100,000,000 with 0 in circulation. The last known price of Freicoin is 0.02089946 USD and is down -1.19 over the last 24 hours. It is currently trading on 1 active market(s) with $104.50 traded over the last 24 hours. More information can be found at http://freico.in."
ALGORITHM; ALGORITHM,https://chainz.cryptoid.info/ixc/; https://prohashing.com/explorer/IXcoin/,,0,Ixcoin,,https://github.com/ixcore/ixcoin,coin,IXC,,,https://www.ixcoin.net/,13,ixcoin,,,https://www.scribd.com/document/357320345/Ixc-White-Paper-v3,,,,,https://s2.coinmarketcap.com/static/img/coins/64x64/13.png,,False,,,2013-05-08T00:00:00.000Z,pow; sha-256,iXcoin_News,,,,https://bitcointalk.org/index.php?topic=36218.0,PoW; SHA-256,https://twitter.com/iXcoin_News,,"Ixcoin (IXC) is a cryptocurrency . Ixcoin has a current supply of 21,426,172.329 with 0 in circulation. The last known price of Ixcoin is 0.09275009 USD and is up 0.00 over the last 24 hours. It is currently trading on 2 active market(s) with $0.00 traded over the last 24 hours. More information can be found at https://www.ixcoin.net/."
OTHERS; ALGORITHM; ALGORITHM,https://www.wdcexplorer.com/; https://chainz.cryptoid.info/wdc/,,0,WorldCoin WDC,worldcoinalliance,https://github.com/OfficialWorldcoinGlobal/Worldcoin/releases,coin,WDC,https://reddit.com/r/worldcoinalliance,,http://www.worldcoin.global,16,worldcoin,https://discord.gg/q5fYSVP,,,772192.8524282752,,,,https://s2.coinmarketcap.com/static/img/coins/64x64/16.png,,False,,,2013-05-22T00:00:00.000Z,mineable; pow; scrypt,,,,140480247,https://bitcointalk.org/index.php?topic=204894.0,Mineable; PoW; Scrypt,,,"WorldCoin WDC (WDC) is a cryptocurrency . Users are able to generate WDC through the process of mining. WorldCoin WDC has a current supply of 265,000,000 with 0 in circulation. The last known price of WorldCoin WDC is 0.00549649 USD and is up 34.05 over the last 24 hours. It is currently trading on 6 active market(s) with $484.27 traded over the last 24 hours. More information can be found at http://www.worldcoin.global."
OTHERS; ALGORITHM; ALGORITHM,http://dgc.blockr.io; https://chainz.cryptoid.info/dgc/,,0,Digitalcoin,digitalcoin,https://github.com/lomtax/digitalcoin,coin,DGC,https://reddit.com/r/digitalcoin,,http://digitalcoin.co; https://digitalcoin.tech/,18,digitalcoin,,,https://github.com/lomtax/digitalcoin/blob/master/README.md,,,,,https://s2.coinmarketcap.com/static/img/coins/64x64/18.png,,False,,,2013-06-09T00:00:00.000Z,mineable; pow; scrypt,DigitalcoinDGC,,,,https://bitcointalk.org/index.php?topic=209508.0,Mineable; PoW; Scrypt,https://twitter.com/DigitalcoinDGC,,"Digitalcoin (DGC) is a cryptocurrency . Users are able to generate DGC through the process of mining. Digitalcoin has a current supply of 43,783,558.34403641 with 0 in circulation. The last known price of Digitalcoin is 0.00006369 USD and is up 2.15 over the last 24 hours. It is currently trading on 2 active market(s) with $4,387.03 traded over the last 24 hours. More information can be found at http://digitalcoin.co."
OTHERS,https://luckyscan.org/,PoW; Scrypt; Memes; Layer 1,0,Luckycoin,,,coin,LKY,,,http://luckycoinfoundation.org,22,luckycoin,https://t.me/LuckycoinProject; https://discord.gg/BSNVPJPqfv,,,,https://bitcointalk.org/index.php?topic=214614.0,,,https://s2.coinmarketcap.com/static/img/coins/64x64/22.png,,False,,,2013-06-14T00:00:00.000Z,mineable,LuckyCoinProj,,2013-05-24T00:00:00.000Z,,https://bitcointalk.org/index.php?topic=214614.0,Mineable,https://twitter.com/LuckyCoinProj,,"Luckycoin (LKY) is a cryptocurrency launched in 2013. Users are able to generate LKY through the process of mining. Luckycoin has a current supply of 12,070,868. The last known price of Luckycoin is 0.2946232 USD and is down -7.06 over the last 24 hours. It is currently trading on 10 active market(s) with $274,631.72 traded over the last 24 hours. More information can be found at http://luckycoinfoundation.org."
OTHERS; ALGORITHM; ALGORITHM,https://chainz.cryptoid.info/glc/,PoW; Scrypt; Medium of Exchange; Store Of Value,0,Goldcoin,goldcoin,https://github.com/goldcoin/,coin,GLC,https://reddit.com/r/goldcoin,,https://www.goldcoinproject.org/,25,goldcoin,https://t.me/goldcointalk; https://discord.me/goldcoin,,https://github.com/goldcoin/wiki/wiki/GoldCoin-Whitepaper,309906.44381927914,https://www.goldcointalk.org,,,https://s2.coinmarketcap.com/static/img/coins/64x64/25.png,,False,,,2013-06-14T00:00:00.000Z,mineable; pow; scrypt,goldcoin,,2013-05-15T00:00:00.000Z,43681421.99997146,https://bitcointalk.org/index.php?topic=317568,Mineable; PoW; Scrypt,https://twitter.com/goldcoin,,"Goldcoin (GLC) is a cryptocurrency launched in 2013. Users are able to generate GLC through the process of mining. Goldcoin has a current supply of 44,050,154.99997141 with 43,681,421.99997146 in circulation. The last known price of Goldcoin is 0.00709163 USD and is up 1.64 over the last 24 hours. It is currently trading on 12 active market(s) with $1,005.96 traded over the last 24 hours. More information can be found at https://www.goldcoinproject.org/."
OTHERS,http://jkc.cryptocoinexplorer.com,,0,Junkcoin,,,coin,JKC,,,http://jkcoin.com,26,junkcoin,,,,,,,,https://s2.coinmarketcap.com/static/img/coins/64x64/26.png,,False,,,2013-06-14T00:00:00.000Z,mineable,,,,,,Mineable,,,"Junkcoin (JKC) is a cryptocurrency . Users are able to generate JKC through the process of mining. Junkcoin has a current supply of 13,961,400. The last known price of Junkcoin is 0.02708345 USD and is down -5.87 over the last 24 hours. It is currently trading on 3 active market(s) with $132,611.33 traded over the last 24 hours. More information can be found at http://jkcoin.com."
OTHERS; ALGORITHM,http://explorer.phoenixcoin.org,,0,Phoenixcoin,,https://github.com/ghostlander/Phoenixcoin,coin,PXC,,,http://phoenixcoin.org/,35,phoenixcoin,https://t.me/pxcofficial,,,,,,,https://s2.coinmarketcap.com/static/img/coins/64x64/35.png,,False,,,2013-07-04T00:00:00.000Z,mineable; neoscrypt,Phoenixcoin,,,,https://bitcointalk.org/index.php?topic=330956.0,Mineable; NeoScrypt,https://twitter.com/Phoenixcoin,,"Phoenixcoin (PXC) is a cryptocurrency . Users are able to generate PXC through the process of mining. Phoenixcoin has a current supply of 92,067,965.25. The last known price of Phoenixcoin is 0.01424963 USD and is down -1.19 over the last 24 hours. It is currently trading on 4 active market(s) with $47.67 traded over the last 24 hours. More information can be found at http://phoenixcoin.org/."
OTHERS; ALGORITHM; ALGORITHM,https://chainz.cryptoid.info/ifc/,,0,Infinitecoin,,https://github.com/infinitecoin-project/infinitecoin,coin,IFC,,,https://infinitecoin.com/,41,infinitecoin,,,,,,,,https://s2.coinmarketcap.com/static/img/coins/64x64/41.png,,False,,,2013-07-10T00:00:00.000Z,mineable; pow; scrypt,Infinitecoin_US,,,,https://bitcointalk.org/index.php?topic=356065.0,Mineable; PoW; Scrypt,https://twitter.com/Infinitecoin_US,,"Infinitecoin (IFC) is a cryptocurrency . Users are able to generate IFC through the process of mining. Infinitecoin has a current supply of 113,183,293,021.14714 with 0 in circulation. The last known price of Infinitecoin is 0.0000032 USD and is up 0.00 over the last 24 hours. It is currently trading on 2 active market(s) with $0.00 traded over the last 24 hours. More information can be found at https://infinitecoin.com/."
OTHERS; ALGORITHM; ALGORITHM,https://bchain.info/XPM/; https://www.blockseek.io/xpm; https://chainz.cryptoid.info/xpm/,,0,Primecoin,primecoin,https://github.com/primecoin/primecoin/,coin,XPM,https://reddit.com/r/primecoin,,https://primecoin.io/,42,primecoin,,,http://primecoin.io/bin/primecoin-paper.pdf,,https://talk.peercoin.net/c/altcoins/primecoin,,,https://s2.coinmarketcap.com/static/img/coins/64x64/42.png,,False,,,2013-07-11T00:00:00.000Z,mineable; pow; multiple-algorithms,Primecoin,,,,,Mineable; PoW; Multiple algorithms,https://twitter.com/Primecoin,,"Primecoin (XPM) is a cryptocurrency . Users are able to generate XPM through the process of mining. Primecoin has a current supply of 52,748,420.2502742. The last known price of Primecoin is 0.038949 USD and is down -1.19 over the last 24 hours. It is currently trading on 6 active market(s) with $744.31 traded over the last 24 hours. More information can be found at https://primecoin.io/."
OTHERS; ALGORITHM; CATEGORY,http://abe.darkgamex.ch:2751/chain/Anoncoin; https://chainz.cryptoid.info/anc/,,0,Anoncoin,Anoncoin,https://github.com/Anoncoin/anoncoin,coin,ANC,https://reddit.com/r/Anoncoin,,https://anoncoin.net/,43,anoncoin,,,https://anoncoin.net/About_Anoncoin/,66394.18591482002,,,,https://s2.coinmarketcap.com/static/img/coins/64x64/43.png,,False,,,2013-07-15T00:00:00.000Z,mineable; pow; privacy,AnoncoinNews,,,2110316.862,https://bitcointalk.org/index.php?topic=227287.0,Mineable; PoW; Privacy,https://twitter.com/AnoncoinNews,,"Anoncoin (ANC) is a cryptocurrency . Users are able to generate ANC through the process of mining. Anoncoin has a current supply of 2,110,316.862 with 0 in circulation. The last known price of Anoncoin is 0.0313492 USD and is down -1.19 over the last 24 hours. It is currently trading on 1 active market(s) with $0.04 traded over the last 24 hours. More information can be found at https://anoncoin.net/."
INDUSTRY; INDUSTRY; PLATFORM; PLATFORM,https://solscan.io/token/CSCojiafv6WLUtT2AGTHgcfnYiGoTZpGgBRwhvfuWQFY; https://casinocoin.info/,Gambling; XRP Ecosystem,0,CasinoCoin,casinocoin,https://github.com/casinocoin,coin,CSC,https://reddit.com/r/casinocoin,,https://casinocoin.im/,45,casinocoin,https://discordapp.com/invite/muXdVHb; https://t.me/+rCWXYPGcn3w5ZGFk,solana,https://whitepaper.io/document/1/ripple-whitepaper,4706309.882456244,https://medium.com/@casinocoin,,Solana,https://s2.coinmarketcap.com/static/img/coins/64x64/45.png,"{'contract_address': 'CSCojiafv6WLUtT2AGTHgcfnYiGoTZpGgBRwhvfuWQFY', 'platform': {'name': 'Solana', 'coin': {'id': '5426', 'name': 'Solana', 'symbol': 'SOL', 'slug': 'solana'}}}; {'contract_address': 'rCSCManTZ8ME9EoLrSHHYKW8PPwWMgkwr', 'platform': {'name': 'XRP Ledger', 'coin': {'id': '52', 'name': 'XRP', 'symbol': 'XRP', 'slug': 'xrp'}}}",False,5426,CSCojiafv6WLUtT2AGTHgcfnYiGoTZpGgBRwhvfuWQFY,2018-01-16T00:00:00.000Z,gambling; gaming; xrp-ecosystem; solana-ecosystem,CasinoCoin,,2021-04-20T00:00:00.000Z,41290000000,https://bitcointalk.org/index.php?topic=5335452,Gambling; Gaming; XRP Ecosystem; Solana Ecosystem,https://twitter.com/CasinoCoin,SOL,"CasinoCoin (CSC) is a cryptocurrency launched in 2021. CasinoCoin has a current supply of 65,000,000,000 with 0 in circulation. The last known price of CasinoCoin is 0.00011398 USD and is up 0.00 over the last 24 hours. It is currently trading on 9 active market(s) with $1,949.77 traded over the last 24 hours. More information can be found at https://casinocoin.im/."
INDUSTRY; INDUSTRY; PLATFORM; CATEGORY; CATEGORY; CATEGORY; CATEGORY; CATEGORY; CATEGORY; PLATFORM; CATEGORY,https://livenet.xrpl.org/; https://bithomp.com/explorer/; https://xrpscan.com/; https://blockchair.com/ripple; https://bscscan.com/token/0x1d2f0da169ceb9fc7b3144628db156f3f6c60dbe,,0,XRP,ripple,https://github.com/ripple/rippled,coin,XRP,https://reddit.com/r/ripple,,https://xrpl.org/,52,xrp,,bnb,https://ripple.com/files/ripple_consensus_whitepaper.pdf,,http://www.xrpchat.com/,,BNB,https://s2.coinmarketcap.com/static/img/coins/64x64/52.png,"{'contract_address': '0x1d2f0da169ceb9fc7b3144628db156f3f6c60dbe', 'platform': {'name': 'BNB Smart Chain (BEP20)', 'coin': {'id': '1839', 'name': 'BNB', 'symbol': 'BNB', 'slug': 'bnb'}}}; {'contract_address': '0x9eaefb09fe4aabfbe6b1ca316a3c36afc83a393f', 'platform': {'name': 'KAIA', 'coin': {'id': '32880', 'name': 'Kaia', 'symbol': 'KAIA', 'slug': 'kaia'}}}; {'contract_address': 'xrp', 'platform': {'name': 'XRP Ledger', 'coin': {'id': '52', 'name': 'XRP', 'symbol': 'XRP', 'slug': 'xrp'}}}",False,1839,0x1d2f0da169ceb9fc7b3144628db156f3f6c60dbe,2013-08-04T00:00:00.000Z,medium-of-exchange; enterprise-solutions; xrp-ecosystem; arrington-xrp-capital-portfolio; galaxy-digital-portfolio; a16z-portfolio; pantera-capital-portfolio; ftx-bankruptcy-estate; 2017-2018-alt-season; klaytn-ecosystem; made-in-america,Ripple,,,,,Medium of Exchange; Enterprise Solutions; XRP Ecosystem; Arrington XRP Capital Portfolio; Galaxy Digital Portfolio; a16z Portfolio; Pantera Capital Portfolio; FTX Bankruptcy Estate ; 2017/18 Alt season; Klaytn Ecosystem; Made in America,https://twitter.com/Ripple,BNB,"XRP (XRP) is a cryptocurrency . XRP has a current supply of 99,986,451,428 with 57,818,864,895 in circulation. The last known price of XRP is 2.53724093 USD and is down -5.22 over the last 24 hours. It is currently trading on 1534 active market(s) with $5,252,964,769.79 traded over the last 24 hours. More information can be found at https://xrpl.org/."
OTHERS; ALGORITHM; ALGORITHM,https://chainz.cryptoid.info/zet/,,0,Zetacoin,Zetacoin,https://github.com/zetacoin/zetacoin,coin,ZET,https://reddit.com/r/Zetacoin,,http://www.zetac.org/,56,zetacoin,http://webchat.freenode.net/,,,,,,,https://s2.coinmarketcap.com/static/img/coins/64x64/56.png,,False,,,2013-09-11T00:00:00.000Z,mineable; pow; sha-256,zetacoincc,,,,https://bitcointalk.org/index.php?topic=267545.0,Mineable; PoW; SHA-256,https://twitter.com/zetacoincc,,"Zetacoin (ZET) is a cryptocurrency . Users are able to generate ZET through the process of mining. Zetacoin has a current supply of 59,828,193.81149199 with 0 in circulation. The last known price of Zetacoin is 0.00098754 USD and is up 0.00 over the last 24 hours. It is currently trading on 1 active market(s) with $0.00 traded over the last 24 hours. More information can be found at http://www.zetac.org/."
OTHERS; ALGORITHM; ALGORITHM,http://tagcoin.org/tagexplorer/www/,,0,TagCoin,,,coin,TAG,,,http://tagcoin.org/,61,tagcoin,,,http://tagcash.com/whitepaper.html,41209.41122243214,,,,https://s2.coinmarketcap.com/static/img/coins/64x64/61.png,,False,,,2013-11-05T00:00:00.000Z,mineable; hybrid-pow-pos; scrypt,tagcoin,,,6433865.577794,https://bitcointalk.org/index.php?topic=317408.0,Mineable; Hybrid - PoW & PoS; Scrypt,https://twitter.com/tagcoin,,"TagCoin (TAG) is a cryptocurrency . Users are able to generate TAG through the process of mining. TagCoin has a current supply of 6,433,865.577794 with 0 in circulation. The last known price of TagCoin is 0.00640508 USD and is up 0.00 over the last 24 hours. It is currently trading on 2 active market(s) with $0.00 traded over the last 24 hours. More information can be found at http://tagcoin.org/."
ALGORITHM; ALGORITHM; CATEGORY; INDUSTRY; CATEGORY,https://www.mynxt.info/blockexplorer/; https://nxtportal.org/; http://www.peerexplorer.com/,,0,Nxt,nxt,https://bitbucket.org/JeanLucPicard/nxt/src/master/,coin,NXT,https://reddit.com/r/nxt,,https://www.jelurida.com/nxt,66,nxt,https://t.me/NXTCommunity,,https://nxtplatform.org/get-started/developers/,,http://talk.jelurida.com/,,,https://s2.coinmarketcap.com/static/img/coins/64x64/66.png,,False,,,2013-12-04T00:00:00.000Z,hybrid-pos-lpos; pos; platform; enterprise-solutions; state-channel,NxtCommunity,,,,https://bitcointalk.org/index.php?topic=587007.0,Hybrid - PoS & LPoS; PoS; Platform; Enterprise Solutions; State Channel,https://twitter.com/NxtCommunity,,"Nxt (NXT) is a cryptocurrency . Nxt has a current supply of 998,999,941.50769 with 0 in circulation. The last known price of Nxt is 0.00085764 USD and is down -7.22 over the last 24 hours. It is currently trading on 13 active market(s) with $0.00 traded over the last 24 hours. More information can be found at https://www.jelurida.com/nxt."
OTHERS; ALGORITHM; ALGORITHM; INDUSTRY; INDUSTRY,http://chainz.cryptoid.info/uno/; https://uno.tokenview.com/en,,0,Unobtanium,unobtanium,https://github.com/unobtanium-official/Unobtanium,coin,UNO,https://reddit.com/r/unobtanium,,http://unobtanium.uno,67,unobtanium,https://t.me/unobtaniumuno,,,,,,,https://s2.coinmarketcap.com/static/img/coins/64x64/67.png,,False,,,2013-12-21T00:00:00.000Z,mineable; pow; sha-256; medium-of-exchange; payments,unobtanium_uno,,,,https://bitcointalk.org/index.php?topic=527500.0,Mineable; PoW; SHA-256; Medium of Exchange; Payments,https://twitter.com/unobtanium_uno,,"Unobtanium (UNO) is a cryptocurrency . Users are able to generate UNO through the process of mining. Unobtanium has a current supply of 210,241.00151896 with 0 in circulation. The last known price of Unobtanium is 6.17484172 USD and is down -30.94 over the last 24 hours. It is currently trading on 10 active market(s) with $210.27 traded over the last 24 hours. More information can be found at http://unobtanium.uno."
OTHERS; ALGORITHM; ALGORITHM,https://chainz.cryptoid.info/dem/,,0,Deutsche eMark,,https://github.com/emarkproject/eMark,coin,DEM,,,https://deutsche-emark.org/en/,72,deutsche-emark,https://t.me/elektromark; http://discord.emark.tk/,,https://github.com/emarkproject/eMark/blob/master/README.md,,https://www.facebook.com/472864016160334,,,https://s2.coinmarketcap.com/static/img/coins/64x64/72.png,,False,,,2013-12-15T00:00:00.000Z,mineable; hybrid-pow-pos; sha-256,Deutsche_eMark,,,,https://bitcointalk.org/index.php?topic=310939.0,Mineable; Hybrid - PoW & PoS; SHA-256,https://twitter.com/Deutsche_eMark,,"Deutsche eMark (DEM) is a cryptocurrency . Users are able to generate DEM through the process of mining. Deutsche eMark has a current supply of 165,212,394.88051617 with 158,230,418.80951616 in circulation. The last known price of Deutsche eMark is 0.0037999 USD and is down -1.19 over the last 24 hours. It is currently trading on 5 active market(s) with $297.99 traded over the last 24 hours. More information can be found at https://deutsche-emark.org/en/."
OTHERS; ALGORITHM; ALGORITHM; INDUSTRY; INDUSTRY; INDUSTRY; CATEGORY; CATEGORY; CATEGORY,https://blockchair.com/dogecoin; http://dogechain.info/chain/Dogecoin; https://www.oklink.com/doge; https://explorer.viabtc.com/doge; https://bscscan.com/token/0xba2ae424d960c26247dd6c32edc70b295c744c43,,0,Dogecoin,dogecoin,https://github.com/dogecoin/dogecoin,coin,DOGE,https://reddit.com/r/dogecoin,,http://dogecoin.com/,74,dogecoin,http://webchat.freenode.net/?nick=Shibe..&channels=%23dogecoin&prompt=1,,https://github.com/dogecoin/dogecoin/blob/master/README.md,,,,,https://s2.coinmarketcap.com/static/img/coins/64x64/74.png,"{'contract_address': '0xba2ae424d960c26247dd6c32edc70b295c744c43', 'platform': {'name': 'BNB Smart Chain (BEP20)', 'coin': {'id': '1839', 'name': 'BNB', 'symbol': 'BNB', 'slug': 'bnb'}}}",True,,,2013-12-15T00:00:00.000Z,mineable; pow; scrypt; medium-of-exchange; memes; payments; doggone-doggerel; ftx-bankruptcy-estate; made-in-america,dogecoin,,,,https://bitcointalk.org/index.php?topic=361813.0,Mineable; PoW; Scrypt; Medium of Exchange; Memes; Payments; Doggone Doggerel; FTX Bankruptcy Estate ; Made in America,https://twitter.com/dogecoin,,"Dogecoin (DOGE) is a cryptocurrency . Users are able to generate DOGE through the process of mining. Dogecoin has a current supply of 148,102,216,383.70523. The last known price of Dogecoin is 0.24855159 USD and is down -4.62 over the last 24 hours. It is currently trading on 1163 active market(s) with $1,600,086,326.28 traded over the last 24 hours. More information can be found at http://dogecoin.com/."
CATEGORY; CATEGORY,https://chainz.cryptoid.info/dmd/; https://masternodes.online/currencies/DMD/; https://dmd.tokenview.com/en,,0,Diamond,dmd,https://github.com/DMDcoin/Diamond,coin,DMD,https://reddit.com/r/dmd,,http://bit.diamonds,77,diamond,http://dmdcoin.slack.com/; https://t.me/DMDcoin; https://discord.gg/TStv6gm,,https://bit.diamonds/DMD_WP.pdf,,,,,https://s2.coinmarketcap.com/static/img/coins/64x64/77.png,,False,,,2013-12-19T00:00:00.000Z,masternodes; staking,dmdcoin,https://www.facebook.com/dmdcoin,,,https://bitcointalk.org/index.php?topic=580725.0,Masternodes; Staking,https://twitter.com/dmdcoin,,"Diamond (DMD) is a cryptocurrency . Diamond has a current supply of 3,851,738.49897768. The last known price of Diamond is 1.58325065 USD and is up 0.04 over the last 24 hours. It is currently trading on 11 active market(s) with $22,277.80 traded over the last 24 hours. More information can be found at http://bit.diamonds."
OTHERS; ALGORITHM; ALGORITHM,https://chainz.cryptoid.info/hbn/,,0,HoboNickels,,https://github.com/Crypto-Expert/HoboNickels,coin,HBN,,,http://hobonickels.info/,78,hobonickels,,,http://wiki.hobonickels.info/index.php?title=Main_Page#Coin_Information,,,,,https://s2.coinmarketcap.com/static/img/coins/64x64/78.png,,False,,,2013-12-20T00:00:00.000Z,mineable; hybrid-pow-pos; scrypt,hobonickels_hbn,,,,https://bitcointalk.org/index.php?topic=303749.0,Mineable; Hybrid - PoW & PoS; Scrypt,https://twitter.com/hobonickels_hbn,,"HoboNickels (HBN) is a cryptocurrency . Users are able to generate HBN through the process of mining. HoboNickels has a current supply of 64,151,405 with 0 in circulation. The last known price of HoboNickels is 0.00094998 USD and is down -50.59 over the last 24 hours. It is currently trading on 1 active market(s) with $19.01 traded over the last 24 hours. More information can be found at http://hobonickels.info/."
ALGORITHM; ALGORITHM,https://omniexplorer.info/,,0,Omni,omni,https://github.com/OmniLayer,coin,OMNI,https://reddit.com/r/omni,,http://www.omnilayer.org/,83,omni,https://t.me/OmniLayer,,https://github.com/OmniLayer/spec,,http://www.reddit.com/r/omni/,,,https://s2.coinmarketcap.com/static/img/coins/64x64/83.png,,False,,,2013-12-24T00:00:00.000Z,pow; scrypt,Omni_layer,,,,,PoW; Scrypt,https://twitter.com/Omni_layer,,"Omni (OMNI) is a cryptocurrency . Omni has a current supply of 619,458.72423078 with 0 in circulation. The last known price of Omni is 1.39 USD and is up 0.00 over the last 24 hours. It is currently trading on 3 active market(s) with $139.65 traded over the last 24 hours. More information can be found at http://www.omnilayer.org/."
OTHERS,https://tipsbe.netcraft.ch/,,0,FedoraCoin,FedoraTipsCoin,https://github.com/jojapoppa/fedoratipscoin/tree/2.5.1,coin,TIPS,https://reddit.com/r/FedoraTipsCoin,TIPS has undergone a [swap](https://bitcointalk.org/index.php?topic=5137508.0) to [Fedora Gold](https://coinmarketcap.com/currencies/fedora-gold) (FED).,https://www.tipsco.in/,87,fedoracoin,https://t.me/FedoraTipsCoinOfficial; https://t.me/FedoraTipsCoinOfficialCN,,https://drive.google.com/file/d/1B9-ipcoUPlsTJPrh6OY2YbsNrqOHG_Vz/view?usp=sharing,,,,,https://s2.coinmarketcap.com/static/img/coins/64x64/87.png,,False,,,2013-12-31T00:00:00.000Z,mineable,FedoraTipscoin,,,,https://bitcointalk.org/index.php?topic=1420302.new#new,Mineable,https://twitter.com/FedoraTipscoin,,"FedoraCoin (TIPS) is a cryptocurrency . Users are able to generate TIPS through the process of mining. FedoraCoin has a current supply of 482,759,907,611.124 with 212,269,865,434.283997 in circulation. The last known price of FedoraCoin is 0.00000159 USD and is down -9.86 over the last 24 hours. It is currently trading on 2 active market(s) with $848.74 traded over the last 24 hours. More information can be found at https://www.tipsco.in/."
OTHERS; ALGORITHM; ALGORITHM,https://chainz.cryptoid.info/dime/; http://www.thebeepool.com/explorer/dime,Hybrid - PoW & PoS; PoS; PoW; Quark; Store Of Value; Masternodes; Payments; Fiat; Mobile Payment,0,Dimecoin,dimecoin,https://github.com/dime-coin/dimecoin,coin,DIME,https://reddit.com/r/dimecoin,,https://www.dimecoinnetwork.com/,90,dimecoin,https://t.me/Dimecoin; https://discord.gg/JqcKF4v,,http://www.dimecoinnetwork.com/wp-content/uploads/2021/01/Dimecoinv1.05.pdf,,https://dimecoinnetwork.medium.com/,,,https://s2.coinmarketcap.com/static/img/coins/64x64/90.png,,False,,,2014-01-06T00:00:00.000Z,mineable; pow; quark,Dimecoin,,2013-12-23T00:00:00.000Z,,https://bitcointalk.org/index.php?topic=446388.0,Mineable; PoW; Quark,https://twitter.com/Dimecoin,,"Dimecoin (DIME) is a cryptocurrency launched in 2013. Users are able to generate DIME through the process of mining. Dimecoin has a current supply of 581,532,924,502.67686 with 478,333,438,962 in circulation. The last known price of Dimecoin is 0.00000101 USD and is up 73.20 over the last 24 hours. It is currently trading on 15 active market(s) with $49.59 traded over the last 24 hours. More information can be found at https://www.dimecoinnetwork.com/."
OTHERS; ALGORITHM; ALGORITHM; CATEGORY; PLATFORM; PLATFORM,https://solscan.io/token/42c846hyuCL5vMfqWifNvddUqHSqAFeJX7rDQBEBpKmM; https://explorer.42-coin.org/; https://chainz.cryptoid.info/42/,,0,42-coin,,https://github.com/42-coin/42,coin,42,,,https://42-coin.org/,93,42-coin,https://t.me/chat42coin; https://discordapp.com/invite/ge2gUHy,bnb,https://github.com/42-coin/42/releases/download/v0.0.8/whitepaper.pdf,3991040.892553383,,,BNB,https://s2.coinmarketcap.com/static/img/coins/64x64/93.png,"{'contract_address': '0x73cf73c2503154de4dc12067546aa9357dadaff2', 'platform': {'name': 'BNB Smart Chain (BEP20)', 'coin': {'id': '1839', 'name': 'BNB', 'symbol': 'BNB', 'slug': 'bnb'}}}; {'contract_address': '42c846hyuCL5vMfqWifNvddUqHSqAFeJX7rDQBEBpKmM', 'platform': {'name': 'Solana', 'coin': {'id': '5426', 'name': 'Solana', 'symbol': 'SOL', 'slug': 'solana'}}}",False,1839,0x73cf73c2503154de4dc12067546aa9357dadaff2,2014-01-14T00:00:00.000Z,mineable; hybrid-pow-pos; scrypt; store-of-value; solana-ecosystem; bnb-chain-ecosystem,42newchain,,,41.99995083,https://bitcointalk.org/index.php?topic=1502028,Mineable; Hybrid - PoW & PoS; Scrypt; Store Of Value; Solana Ecosystem; BNB Chain Ecosystem,https://twitter.com/42newchain,BNB,"42-coin (42) is a cryptocurrency . Users are able to generate 42 through the process of mining. 42-coin has a current supply of 41.99995083 with 0 in circulation. The last known price of 42-coin is 95,024.89440303 USD and is up 0.00 over the last 24 hours. It is currently trading on 4 active market(s) with $0.00 traded over the last 24 hours. More information can be found at https://42-coin.org/."
OTHERS; ALGORITHM; INDUSTRY; CATEGORY; INDUSTRY,https://bitinfocharts.com/vertcoin/; https://vtc.tokenview.com/en; https://www.coinexplorer.net/VTC,,0,Vertcoin,vertcoin,https://github.com/vertcoin/vertcoin,coin,VTC,https://reddit.com/r/vertcoin,,http://vertcoin.org/,99,vertcoin,https://discord.gg/vertcoin,,https://vertcoin.org/specs-explained/,,https://medium.com/vertcoin-blog,,,https://s2.coinmarketcap.com/static/img/coins/64x64/99.png,,False,,,2014-01-20T00:00:00.000Z,mineable; pow; medium-of-exchange; privacy; payments,Vertcoin,,,,https://bitcointalk.org/index.php?topic=1828453,Mineable; PoW; Medium of Exchange; Privacy; Payments,https://twitter.com/Vertcoin,,"Vertcoin (VTC) is a cryptocurrency . Users are able to generate VTC through the process of mining. Vertcoin has a current supply of 71,392,810. The last known price of Vertcoin is 0.04527966 USD and is down -1.14 over the last 24 hours. It is currently trading on 20 active market(s) with $12,162.41 traded over the last 24 hours. More information can be found at http://vertcoin.org/."
OTHERS; ALGORITHM; ALGORITHM; INDUSTRY; CATEGORY; INDUSTRY; INDUSTRY; CATEGORY,https://chainz.cryptoid.info/dgb/; https://www.digiassets.info/,,0,DigiByte,Digibyte,https://github.com/DigiByte-Core,coin,DGB,https://reddit.com/r/Digibyte,,https://digibyte.org/; https://github.com/DigiByte-Core/digibyte/wiki,109,digibyte,https://t.me/DigiByteCoin; https://t.me/DGBalerts,,https://www.digibyte.org/docs/infopaper.pdf,,https://dgbforum.com/; https://medium.com/@DigiByte_Official,,,https://s2.coinmarketcap.com/static/img/coins/64x64/109.png,,False,,,2014-02-06T00:00:00.000Z,mineable; pow; multiple-algorithms; medium-of-exchange; collectibles-nfts; iot; payments; made-in-america,DigiByteCoin,https://www.facebook.com/digibytecoin/,,,https://bitcointalk.org/index.php?topic=408268.0,Mineable; PoW; Multiple algorithms; Medium of Exchange; Collectibles & NFTs; IoT; Payments; Made in America,https://twitter.com/DigiByteCoin,,"DigiByte (DGB) is a cryptocurrency . Users are able to generate DGB through the process of mining. DigiByte has a current supply of 17,540,448,190.680032. The last known price of DigiByte is 0.00783852 USD and is down -9.24 over the last 24 hours. It is currently trading on 162 active market(s) with $3,412,410.21 traded over the last 24 hours. More information can be found at https://digibyte.org/."
ALGORITHM; ALGORITHM; INDUSTRY; INDUSTRY,https://blockbook.reddcoin.com/,PoS; POS 2.0; Scrypt; Media; Philanthropy; Medium of Exchange; Platform; Services; Communications & Social Media; Loyalty; Content Creation; Crowdfunding; Crowdsourcing; Gaming; Entertainment; Mobile; Payments; Staking; Wallet; Social Token; Mobile Payment,0,ReddCoin,reddcoin,https://github.com/reddcoin-project/reddcoin,coin,RDD,https://reddit.com/r/reddcoin,,http://www.reddcoin.com/,118,redd,https://t.me/ReddcoinOfficial,,https://redd.love/assets/doc/Redd-Paper.pdf,2131707.2734345803,https://www.reddcointalk.org/; https://bitcointalk.org/index.php?topic=5228210,,,https://s2.coinmarketcap.com/static/img/coins/64x64/118.png,,False,,,2014-02-10T00:00:00.000Z,hybrid-pow-pos; scrypt; media; content-creation,reddcoin,,2014-02-02T00:00:00.000Z,30399022287,https://bitcointalk.org/index.php?topic=423597.0,Hybrid - PoW & PoS; Scrypt; Media; Content Creation,https://twitter.com/reddcoin,,"ReddCoin (RDD) is a cryptocurrency launched in 2014. ReddCoin has a current supply of 30,397,274,955 with 0 in circulation. The last known price of ReddCoin is 0.00007016 USD and is down -12.44 over the last 24 hours. It is currently trading on 21 active market(s) with $361.71 traded over the last 24 hours. More information can be found at http://www.reddcoin.com/."
OTHERS; ALGORITHM; ALGORITHM; PLATFORM,https://chainz.cryptoid.info/pot/; https://chain.potcoin.com/; https://polygonscan.com/token/0xd7c8469c7ec40f853da5f651de81b45aed47e5ab,,0,PotCoin,potcoin,https://github.com/potcoin,coin,POT,https://reddit.com/r/potcoin,"PotCoin (POT) has recently migrated to the Polygon network. For more information, read [here](https://www.potcoin.com/2021/11/05/potcoin-is-migrating-to-polygon-swap-go-live-is-scheduled-for-november-1st-read-on-for-details/)",http://www.potcoin.com/,122,potcoin,https://t.me/potcoin420,polygon-ecosystem-token,https://www.potcoin.com/images/blog-images/PotCoin-4.20.2016.pdf,,https://steemit.com/@potcoin,,POL (prev. MATIC),https://s2.coinmarketcap.com/static/img/coins/64x64/122.png,"{'contract_address': '0xd7c8469c7eC40f853dA5f651DE81b45aeD47e5aB', 'platform': {'name': 'Polygon', 'coin': {'id': '28321', 'name': 'POL (prev. MATIC)', 'symbol': 'POL', 'slug': 'polygon-ecosystem-token'}}}",False,28321,0xd7c8469c7eC40f853dA5f651DE81b45aeD47e5aB,2014-02-10T00:00:00.000Z,mineable; pow; scrypt; polygon-ecosystem,potcoin,,,,https://bitcointalk.org/index.php?topic=426324.0,Mineable; PoW; Scrypt; Polygon Ecosystem,https://twitter.com/potcoin,POL,"PotCoin (POT) is a cryptocurrency . Users are able to generate POT through the process of mining. PotCoin has a current supply of 228,960,362.51938 with 0 in circulation. The last known price of PotCoin is 0.00289931 USD and is down -2.06 over the last 24 hours. It is currently trading on 18 active market(s) with $128.45 traded over the last 24 hours. More information can be found at http://www.potcoin.com/."
OTHERS; ALGORITHM,https://explorer.maxcoinproject.net; https://explorer2.maxcoinproject.net,,0,Maxcoin,,https://github.com/Max-Coin,coin,MAX,,,https://www.maxcoinproject.org/,128,maxcoin,,,,59806.63571910394,,,,https://s2.coinmarketcap.com/static/img/coins/64x64/128.png,,False,,,2014-02-12T00:00:00.000Z,mineable; hybrid-pow-pos,getmaxcoin,,,61445805,https://bitcointalk.org/index.php?topic=438150.0,Mineable; Hybrid - PoW & PoS,https://twitter.com/getmaxcoin,,"Maxcoin (MAX) is a cryptocurrency . Users are able to generate MAX through the process of mining. Maxcoin has a current supply of 61,445,805 with 0 in circulation. The last known price of Maxcoin is 0.00097332 USD and is up 0.00 over the last 24 hours. It is currently trading on 2 active market(s) with $0.00 traded over the last 24 hours. More information can be found at https://www.maxcoinproject.org/."
OTHERS; ALGORITHM; ALGORITHM; INDUSTRY; CATEGORY; CATEGORY; CATEGORY; CATEGORY; CATEGORY; CATEGORY; CATEGORY,https://explorer.dash.org; https://insight.dash.org/insight/; https://chainz.cryptoid.info/dash/; https://blockchair.com/dash,,0,Dash,dashpay,https://github.com/dashpay/dash,coin,DASH,https://reddit.com/r/dashpay,,https://www.dash.org/,131,dash,https://t.me/dash_chat; https://discord.com/invite/PXbUxJB,,https://docs.dash.org/,,https://www.dash.org/forum/,,,https://s2.coinmarketcap.com/static/img/coins/64x64/131.png,,False,,,2014-02-14T00:00:00.000Z,mineable; hybrid-pow-pos; x11; medium-of-exchange; privacy; masternodes; dao; governance; alleged-sec-securities; 2017-2018-alt-season; made-in-america,Dashpay,,2014-01-18T00:00:00.000Z,,https://bitcointalk.org/index.php?topic=421615.0,Mineable; Hybrid - PoW & PoS; X11; Medium of Exchange; Privacy; Masternodes; DAO; Governance; Alleged SEC Securities; 2017/18 Alt season; Made in America,https://twitter.com/Dashpay,,"Dash (DASH) is a cryptocurrency launched in 2014. Users are able to generate DASH through the process of mining. Dash has a current supply of 12,148,829.27062639. The last known price of Dash is 25.56412368 USD and is down -3.96 over the last 24 hours. It is currently trading on 469 active market(s) with $51,335,358.73 traded over the last 24 hours. More information can be found at https://www.dash.org/."
ALGORITHM,https://xchain.io/; https://counterpartychain.io/,,0,Counterparty,counterparty_xcp,https://github.com/CounterpartyXCP,coin,XCP,https://reddit.com/r/counterparty_xcp,,http://counterparty.io/,132,counterparty,,,https://github.com/CounterpartyXCP/Documentation/blob/master/Developers/protocol_specification.md,,https://counterpartytalk.org/,,,https://s2.coinmarketcap.com/static/img/coins/64x64/132.png,,False,,,2014-02-15T00:00:00.000Z,pow,CounterpartyXCP,,,,https://bitcointalk.org/index.php?topic=395761.0,PoW,https://twitter.com/CounterpartyXCP,,"Counterparty (XCP) is a cryptocurrency . Counterparty has a current supply of 2,591,647.81928124. The last known price of Counterparty is 6.57829885 USD and is down -6.62 over the last 24 hours. It is currently trading on 3 active market(s) with $131.57 traded over the last 24 hours. More information can be found at http://counterparty.io/."
OTHERS; ALGORITHM; ALGORITHM,https://chainz.cryptoid.info/aur/,PoW; Multiple algorithms; Myr-Groestl; QuBit; Scrypt; SHA-256; Skein; Medium of Exchange; Store Of Value; E-commerce,0,Auroracoin,auroracoin,https://github.com/aurarad/auroracoin,coin,AUR,https://reddit.com/r/auroracoin,We have received reports that withdrawals for this asset are [impeded on Yobit](https://twitter.com/OfficialAUR/status/1232401822930919426),https://en.auroracoin.is/,148,auroracoin,https://discord.gg/Fhm4758,,,1062655.5354156739,http://auroracoin.medium.com,,,https://s2.coinmarketcap.com/static/img/coins/64x64/148.png,,False,,,2014-02-27T00:00:00.000Z,mineable; hybrid-pow-pos; scrypt,officialAUR,https://www.facebook.com/groups/auroracoin101,2014-01-24T00:00:00.000Z,15480734.81124428,https://bitcointalk.org/index.php?topic=1467050.0,Mineable; Hybrid - PoW & PoS; Scrypt,https://twitter.com/officialAUR,,"Auroracoin (AUR) is a cryptocurrency launched in 2014. Users are able to generate AUR through the process of mining. Auroracoin has a current supply of 17,973,098 with 0 in circulation. The last known price of Auroracoin is 0.06839825 USD and is up 7.80 over the last 24 hours. It is currently trading on 6 active market(s) with $167.04 traded over the last 24 hours. More information can be found at https://en.auroracoin.is/."
OTHERS; ALGORITHM; ALGORITHM,https://explore.marscoin.org/; https://explore1.marscoin.org/; https://phobos.marscoin.org/; http://cryptoguru.tk/index.php?Currency=MRS,Education; Services; Store Of Value; Communications & Social Media,0,Marscoin,marscoin,https://github.com/marscoin,coin,MARS,https://reddit.com/r/marscoin,,http://marscoin.org/,154,marscoin,https://t.me/marscoinofficial,,https://www.marscoin.org/the-marscoin-whitepaper/,3568183.7141373446,,,,https://s2.coinmarketcap.com/static/img/coins/64x64/154.png,,False,,,2014-02-24T00:00:00.000Z,mineable; pow; x11,marscoinorg,,2014-01-01T00:00:00.000Z,37775137,https://bitcointalk.org/index.php?topic=721263,Mineable; PoW; X11,https://twitter.com/marscoinorg,,"Marscoin (MARS) is a cryptocurrency launched in 2014. Users are able to generate MARS through the process of mining. Marscoin has a current supply of 39,569,900 with 0 in circulation. The last known price of Marscoin is 0.09451956 USD and is up 0.64 over the last 24 hours. It is currently trading on 13 active market(s) with $46,317.36 traded over the last 24 hours. More information can be found at http://marscoin.org/."
OTHERS; CATEGORY; PLATFORM; PLATFORM; PLATFORM; PLATFORM; PLATFORM; PLATFORM; PLATFORM; PLATFORM,https://solscan.io/token/HRQke5DKdDo3jV7wnomyiM8AA3EzkVnxMDdo2FQ5XUe1; https://etherscan.io/address/0x99D8a9C45b2ecA8864373A26D1459e3Dff1e17F3; https://bscscan.com/address/0xfe19f0b51438fd612f6fd59c1dbb3ea319f433ba; https://ftmscan.com/token/0x82f0b8b456c1a451378467398982d4834b6829c1; https://cchain.explorer.avax.network/address/0x130966628846BFd36ff31a822705796e8cb8C18D/transactions,,0,Magic Internet Money,,,coin,MIM,,,https://abracadabra.money/,162,magic-internet-money,https://discord.com/invite/mim,ethereum,https://docs.abracadabra.money/,103890047.47988002,https://abracadabramoney.medium.com/,,Ethereum,https://s2.coinmarketcap.com/static/img/coins/64x64/162.png,"{'contract_address': '0x99d8a9c45b2eca8864373a26d1459e3dff1e17f3', 'platform': {'name': 'Ethereum', 'coin': {'id': '1027', 'name': 'Ethereum', 'symbol': 'ETH', 'slug': 'ethereum'}}}; {'contract_address': '0xfe19f0b51438fd612f6fd59c1dbb3ea319f433ba', 'platform': {'name': 'BNB Smart Chain (BEP20)', 'coin': {'id': '1839', 'name': 'BNB', 'symbol': 'BNB', 'slug': 'bnb'}}}; {'contract_address': 'HRQke5DKdDo3jV7wnomyiM8AA3EzkVnxMDdo2FQ5XUe1', 'platform': {'name': 'Solana', 'coin': {'id': '5426', 'name': 'Solana', 'symbol': 'SOL', 'slug': 'solana'}}}; {'contract_address': 'terra15a9dr3a2a2lj5fclrw35xxg9yuxg0d908wpf2y', 'platform': {'name': 'Terra Classic', 'coin': {'id': '4172', 'name': 'Terra Classic', 'symbol': 'LUNC', 'slug': 'terra-luna'}}}; {'contract_address': '0x82f0b8b456c1a451378467398982d4834b6829c1', 'platform': {'name': 'Fantom', 'coin': {'id': '3513', 'name': 'Fantom (Migrated to Sonic)', 'symbol': 'FTM', 'slug': 'fantom'}}}; {'contract_address': '0x130966628846BFd36ff31a822705796e8cb8C18D', 'platform': {'name': 'Avalanche C-Chain', 'coin': {'id': '5805', 'name': 'Avalanche', 'symbol': 'AVAX', 'slug': 'avalanche'}}}; {'contract_address': '0xfea7a6a0b346362bf88a9e4a88416b77a57d6c2a', 'platform': {'name': 'Arbitrum', 'coin': {'id': '11841', 'name': 'Arbitrum', 'symbol': 'ARB', 'slug': 'arbitrum'}}}; {'contract_address': '0x0cae51e1032e8461f4806e26332c030e34de3adb', 'platform': {'name': 'Moonriver', 'coin': {'id': '9285', 'name': 'Moonriver', 'symbol': 'MOVR', 'slug': 'moonriver'}}}",False,1027,0x99d8a9c45b2eca8864373a26d1459e3dff1e17f3,2014-03-12T00:00:00.000Z,mineable; stablecoin; ethereum-ecosystem; avalanche-ecosystem; solana-ecosystem; fantom-ecosystem; terra-ecosystem; arbitrum-ecosystem; moonriver-ecosystem; bnb-chain-ecosystem,MIM_Spell,,,103827108,,Mineable; Stablecoin; Ethereum Ecosystem; Avalanche Ecosystem; Solana Ecosystem; Fantom Ecosystem; Terra Ecosystem; Arbitrum Ecosystem; Moonriver Ecosystem; BNB Chain Ecosystem,https://twitter.com/MIM_Spell,ETH,"Magic Internet Money (MIM) is a cryptocurrency . Users are able to generate MIM through the process of mining. Magic Internet Money has a current supply of 698,964,077 with 0 in circulation. The last known price of Magic Internet Money is 0.99887337 USD and is down -0.35 over the last 24 hours. It is currently trading on 592 active market(s) with $219,086.70 traded over the last 24 hours. More information can be found at https://abracadabra.money/."
ALGORITHM; ALGORITHM; PLATFORM,https://chainz.cryptoid.info/blk/; https://bitinfocharts.com/blackcoin; https://blk.tokenview.com/,Hybrid - PoW & PoS; PoS; PoW; Multiple algorithms; POS 3.0; Scrypt; SHA-256D; Asset Management; Education; Platform; Services; Store Of Value; Atomic Swaps; Enterprise Solutions; Loyalty; Crowdsourcing; DeFi; Identity; Memes; Mobile; Payments; Research; Staking; Wallet; Asset-Backed Token; Binance Coin; Binance Chain; BNB Smart Chain; Software; Wrapped Tokens; Mobile Payment; Web3; Token; Cross-Chain; BNB Chain Ecosystem,0,BlackCoin,blackcoin,https://github.com/coinblack,coin,BLK,https://reddit.com/r/blackcoin,,https://blackcoin.org/; https://blackcoinmore.org,170,blackcoin,https://discord.blackcoin.nl; https://t.me/blackcoinNL,bnb,https://blackcoin.org/blackcoin-pos-protocol-v2-whitepaper.pdf,3441020.5615248736,https://blackcoin.nl,,BNB,https://s2.coinmarketcap.com/static/img/coins/64x64/170.png,"{'contract_address': '0xd2cDfD5d26dfA1D11116B9ED7DBd7C6B88C6e1D3', 'platform': {'name': 'BNB Smart Chain (BEP20)', 'coin': {'id': '1839', 'name': 'BNB', 'symbol': 'BNB', 'slug': 'bnb'}}}",False,1839,0xd2cDfD5d26dfA1D11116B9ED7DBd7C6B88C6e1D3,2014-02-28T00:00:00.000Z,pos; scrypt; bnb-chain-ecosystem,BlackcoinOrg,,2014-02-24T00:00:00.000Z,63320446.8192601,https://bitcointalk.org/index.php?topic=3017838.0,PoS; Scrypt; BNB Chain Ecosystem,https://twitter.com/BlackcoinOrg,BNB,"BlackCoin (BLK) is a cryptocurrency launched in 2014. BlackCoin has a current supply of 63,320,401.8192601 with 0 in circulation. The last known price of BlackCoin is 0.05414861 USD and is down -1.19 over the last 24 hours. It is currently trading on 13 active market(s) with $53.23 traded over the last 24 hours. More information can be found at https://blackcoin.org/."
OTHERS; ALGORITHM; ALGORITHM; INDUSTRY; INDUSTRY; INDUSTRY,https://mona.chainsight.info/; https://blockbook.electrum-mona.org/; https://mona.tokenview.com/; https://bchain.info/MONA/; https://chaintools.mona-coin.de/,,0,MonaCoin,monacoin,https://github.com/monacoinproject/monacoin,coin,MONA,https://reddit.com/r/monacoin,,http://monacoin.org,213,monacoin,https://web3.askmona.org/,,https://monacoin.org/#about,,,,,https://s2.coinmarketcap.com/static/img/coins/64x64/213.png,,False,,,2014-03-20T00:00:00.000Z,mineable; pow; lyra2rev2; medium-of-exchange; memes; payments,,,,,https://bitcointalk.org/index.php?topic=392436.0,Mineable; PoW; Lyra2REv2; Medium of Exchange; Memes; Payments,,,"MonaCoin (MONA) is a cryptocurrency . Users are able to generate MONA through the process of mining. MonaCoin has a current supply of 65,729,674.871168. The last known price of MonaCoin is 0.25496165 USD and is down -1.14 over the last 24 hours. It is currently trading on 24 active market(s) with $153,179.05 traded over the last 24 hours. More information can be found at http://monacoin.org."
ALGORITHM; ALGORITHM,http://chainz.cryptoid.info/rby/,,0,Rubycoin,rubycoin,https://github.com/rubycoinorg/rubycoin,coin,RBY,https://reddit.com/r/rubycoin,,http://www.rubycoin.org/,215,rubycoin,https://slack.rubycoin.org/,,,,,,,https://s2.coinmarketcap.com/static/img/coins/64x64/215.png,,False,,,2014-03-20T00:00:00.000Z,pos; scrypt,rubycoinorg,,,,https://bitcointalk.org/index.php?topic=1163834.0,PoS; Scrypt,https://twitter.com/rubycoinorg,,"Rubycoin (RBY) is a cryptocurrency . Rubycoin has a current supply of 27,601,562.391834 with 0 in circulation. The last known price of Rubycoin is 0.07039544 USD and is up 0.00 over the last 24 hours. It is currently trading on 1 active market(s) with $0.00 traded over the last 24 hours. More information can be found at http://www.rubycoin.org/."
OTHERS; ALGORITHM; ALGORITHM,https://chainz.cryptoid.info/efl/,,0,e-Gulden,,https://github.com/Electronic-Gulden-Foundation/,coin,EFL,,,http://www.e-gulden.org,234,e-gulden,,,,2947546.5792148113,,,,https://s2.coinmarketcap.com/static/img/coins/64x64/234.png,,False,,,2014-03-26T00:00:00.000Z,mineable; pow; scrypt,eguldenfoundati,,,17175909,https://bitcointalk.org/index.php?topic=843017,Mineable; PoW; Scrypt,https://twitter.com/eguldenfoundati,,"e-Gulden (EFL) is a cryptocurrency . Users are able to generate EFL through the process of mining. e-Gulden has a current supply of 20,999,215 with 0 in circulation. The last known price of e-Gulden is 0.17099562 USD and is down -1.19 over the last 24 hours. It is currently trading on 2 active market(s) with $34.21 traded over the last 24 hours. More information can be found at http://www.e-gulden.org."
OTHERS; ALGORITHM; ALGORITHM; INDUSTRY,https://chainz.cryptoid.info/grs/; https://esplora.groestlcoin.org/; https://blockbook.groestlcoin.org/; https://groestlsight.groestlcoin.org/; https://blockchair.com/groestlcoin,PoW; Groestl; Grostl-512; Medium of Exchange; Store Of Value,0,Groestlcoin,groestlcoin,https://github.com/Groestlcoin,coin,GRS,https://reddit.com/r/groestlcoin,,https://www.groestlcoin.org/,258,groestlcoin,https://t.me/groestl; https://discord.com/invite/vCKxQBz,,http://www.groestl.info/groestl-implementation-guide.pdf,,https://www.groestlcoin.org/forum; https://medium.com/@groestlcoinnews,,,https://s2.coinmarketcap.com/static/img/coins/64x64/258.png,,False,,,2014-04-11T00:00:00.000Z,mineable; pow; groestl; medium-of-exchange,GroestlcoinTeam,https://www.facebook.com/groestlcoin/,,,https://bitcointalk.org/index.php?topic=525926.0,Mineable; PoW; Groestl; Medium of Exchange,https://twitter.com/GroestlcoinTeam,,"Groestlcoin (GRS) is a cryptocurrency . Users are able to generate GRS through the process of mining. Groestlcoin has a current supply of 86,974,323.88736623. The last known price of Groestlcoin is 0.4114915 USD and is down -3.39 over the last 24 hours. It is currently trading on 30 active market(s) with $1,460,507.34 traded over the last 24 hours. More information can be found at https://www.groestlcoin.org/."
OTHERS,,,0,PetroDollar,,,coin,XPD,,,,260,petrodollar,,,,1306681.9944014992,,,,https://s2.coinmarketcap.com/static/img/coins/64x64/260.png,,False,,,2014-04-15T00:00:00.000Z,mineable,thepetrodollar,,,63993274.887257,https://bitcointalk.org/index.php?topic=472238.0,Mineable,https://twitter.com/thepetrodollar,,"PetroDollar (XPD) is a cryptocurrency . Users are able to generate XPD through the process of mining. PetroDollar has a current supply of 63,993,274.887257 with 0 in circulation. The last known price of PetroDollar is 0.02041905 USD and is up 0.00 over the last 24 hours. It is currently trading on 1 active market(s) with $0.00 traded over the last 24 hours."
OTHERS; ALGORITHM; ALGORITHM,,,0,PLNcoin,,https://github.com/plncoin/PLNcoin_Core,coin,PLNC,,,http://www.plncoin.org/,263,plncoin,,,,16794.366404048837,http://forum.plncoin.org/,,,https://s2.coinmarketcap.com/static/img/coins/64x64/263.png,,False,,,2014-04-15T00:00:00.000Z,mineable; hybrid-pow-pos; scrypt,,,,17089600,,Mineable; Hybrid - PoW & PoS; Scrypt,,,"PLNcoin (PLNC) is a cryptocurrency . Users are able to generate PLNC through the process of mining. PLNcoin has a current supply of 19,089,600 with 0 in circulation. The last known price of PLNcoin is 0.00098272 USD and is up 0.00 over the last 24 hours. It is currently trading on 1 active market(s) with $0.00 traded over the last 24 hours. More information can be found at http://www.plncoin.org/."
CATEGORY; CATEGORY; CATEGORY; ALGORITHM,http://explorer.whitecoin.info/#/,,0,WhiteCoin,whitecoin,,coin,XWC,https://reddit.com/r/whitecoin,,http://whitecoin.info/; http://xwc.com/,268,whitecoin,https://discordapp.com/invite/GbpdbMt,,https://www.whitecoin.info/pdf/Whitecoin%20Technical%20White%20Paper_en.pdf,,,,,https://s2.coinmarketcap.com/static/img/coins/64x64/268.png,,False,,,2014-04-18T00:00:00.000Z,platform; interoperability; staking; rpos,WhiteCoiner,,2014-04-01T00:00:00.000Z,,https://bitcointalk.org/index.php?topic=804288.0,Platform; Interoperability; Staking; rPOS,https://twitter.com/WhiteCoiner,,"WhiteCoin (XWC) is a cryptocurrency launched in 2014. WhiteCoin has a current supply of 971,792,390 with 764,324,623.4110321 in circulation. The last known price of WhiteCoin is 0.01752879 USD and is down -0.13 over the last 24 hours. It is currently trading on 15 active market(s) with $167,774.27 traded over the last 24 hours. More information can be found at http://whitecoin.info/."
ALGORITHM; ALGORITHM,http://explorer.v2.bitstarcoin.com/,,0,Bitstar,bitstar,https://github.com/bitstar/bitstar,coin,BITS,https://reddit.com/r/bitstar,,https://www.bitstarcoin.com/,276,bitstar,https://discordapp.com/invite/qbMy3Bg,,https://www.bitstarcoin.com/#specs,62339.44769712869,,,,https://s2.coinmarketcap.com/static/img/coins/64x64/276.png,,False,,,2014-04-23T00:00:00.000Z,hybrid-pow-pos; scrypt,Bitstar_coin,,,21145111,https://bitcointalk.org/index.php?topic=748045,Hybrid - PoW & PoS; Scrypt,https://twitter.com/Bitstar_coin,,"Bitstar (BITS) is a cryptocurrency . Bitstar has a current supply of 21,145,111 with 0 in circulation. The last known price of Bitstar is 0.00294817 USD and is up 0.00 over the last 24 hours. It is currently trading on 2 active market(s) with $0.00 traded over the last 24 hours. More information can be found at https://www.bitstarcoin.com/."
OTHERS; ALGORITHM,https://explorer.service-crypto.com/,,0,Quebecoin,,https://github.com/ahmedbodi/quebecoin,coin,QBC,,,https://quebecoin.ca/,278,quebecoin,https://discord.gg/t5tEnAW,,,6548.228783832968,,,,https://s2.coinmarketcap.com/static/img/coins/64x64/278.png,,False,,,2014-04-23T00:00:00.000Z,mineable; x11,quebecoin_qbc,,,6703137.91866,https://bitcointalk.org/index.php?topic=5171959.msg52050253#msg52050253,Mineable; X11,https://twitter.com/quebecoin_qbc,,"Quebecoin (QBC) is a cryptocurrency . Users are able to generate QBC through the process of mining. Quebecoin has a current supply of 8,803,137.91866 with 0 in circulation. The last known price of Quebecoin is 0.00097689 USD and is up 0.00 over the last 24 hours. It is currently trading on 1 active market(s) with $0.00 traded over the last 24 hours. More information can be found at https://quebecoin.ca/."
OTHERS; ALGORITHM; ALGORITHM,http://blockexperts.com/blu,,0,BlueCoin,BlueCoins,https://github.com/bluecoiner/bluecoin-new,coin,BLU,https://reddit.com/r/BlueCoins,,http://bluecoin.org/,290,bluecoin,https://t.me/joinchat/CB8D9A8jicz78p02QWTI6w,,,564755.6528264281,,,,https://s2.coinmarketcap.com/static/img/coins/64x64/290.png,,False,,,2014-04-28T00:00:00.000Z,mineable; hybrid-pow-pos; x11,bluecoin_info,,,574683675.009956,https://bitcointalk.org/index.php?topic=580639.0,Mineable; Hybrid - PoW & PoS; X11,https://twitter.com/bluecoin_info,,"BlueCoin (BLU) is a cryptocurrency . Users are able to generate BLU through the process of mining. BlueCoin has a current supply of 574,683,675.009956 with 0 in circulation. The last known price of BlueCoin is 0.00098272 USD and is up 0.00 over the last 24 hours. It is currently trading on 1 active market(s) with $0.00 traded over the last 24 hours. More information can be found at http://bluecoin.org/."
CATEGORY; INDUSTRY; INDUSTRY; PLATFORM; CATEGORY; INDUSTRY,http://omniexplorer.info/asset/3,,0,MaidSafeCoin,safenetwork,https://github.com/maidsafe,token,MAID,https://reddit.com/r/safenetwork,,https://safenetwork.tech/; http://maidsafe.net,291,maidsafecoin,,,https://github.com/maidsafe/Whitepapers,106858085.94459626,https://safenetforum.org,,,https://s2.coinmarketcap.com/static/img/coins/64x64/291.png,,False,,,2014-04-28T00:00:00.000Z,platform; distributed-computing; filesharing; omni-ecosystem; storage; depin,maidsafe,,2014-04-22T00:00:00.000Z,411458925,https://bitcointalk.org/index.php?topic=579797.0,Platform; Distributed Computing; Filesharing; Omni Ecosystem; Storage; DePIN,https://twitter.com/maidsafe,,"MaidSafeCoin (MAID) is a cryptocurrency launched in 2014. MaidSafeCoin has a current supply of 452,552,412 with 0 in circulation. The last known price of MaidSafeCoin is 0.25945204 USD and is down -7.34 over the last 24 hours. It is currently trading on 5 active market(s) with $0.26 traded over the last 24 hours. More information can be found at https://safenetwork.tech/."
ALGORITHM; INDUSTRY; CATEGORY; INDUSTRY; CATEGORY; CATEGORY,https://chainz.cryptoid.info/xbc/; https://www.coinexplorer.net/XBC/; https://prohashing.com/explorer/BitcoinPlus/,,0,Bitcoin Plus,BitcoinPlus_XBC,https://github.com/bitcoinplusorg/,coin,XBC,https://reddit.com/r/BitcoinPlus_XBC,,https://bitcoinplus.org/,293,bitcoin-plus,https://t.me/xbcplus,,https://bitcoinplus.org/wp-content/uploads/2020/09/bitcoin-plus-whitepaper.pdf,,,,,https://s2.coinmarketcap.com/static/img/coins/64x64/293.png,,False,,,2014-05-04T00:00:00.000Z,pos; medium-of-exchange; store-of-value; payments; scaling; staking,BitcoinPlusOrg,,,,https://bitcointalk.org/index.php?topic=1066201.0,PoS; Medium of Exchange; Store Of Value; Payments; Scaling; Staking,https://twitter.com/BitcoinPlusOrg,,"Bitcoin Plus (XBC) is a cryptocurrency . Bitcoin Plus has a current supply of 253,180.39178789. The last known price of Bitcoin Plus is 1.2406682 USD and is down -16.32 over the last 24 hours. It is currently trading on 14 active market(s) with $13.68 traded over the last 24 hours. More information can be found at https://bitcoinplus.org/."
OTHERS; ALGORITHM; ALGORITHM; INDUSTRY,https://chainz.cryptoid.info/nyc/; https://prohashing.com/explorer/NewYorkcoin/,,0,NewYorkCoin,newyorkcoin,https://github.com/NewYorkCoinNYC,coin,NYC,https://reddit.com/r/newyorkcoin,,https://nycoin.net; https://newyorkcoin.net,298,newyorkcoin,https://discord.gg/qRtkD8q; https://t.me/NewYorkCoinNYC,,,490372.58301613684,,,,https://s2.coinmarketcap.com/static/img/coins/64x64/298.png,,False,,,2014-05-06T00:00:00.000Z,mineable; pow; scrypt; payments,newyorkcoinnyc,,,143761098437,https://bitcointalk.org/index.php?topic=2016963.0,Mineable; PoW; Scrypt; Payments,https://twitter.com/newyorkcoinnyc,,"NewYorkCoin (NYC) is a cryptocurrency . Users are able to generate NYC through the process of mining. NewYorkCoin has a current supply of 143,761,098,437 with 0 in circulation. The last known price of NewYorkCoin is 0.00000341 USD and is up 0.00 over the last 24 hours. It is currently trading on 18 active market(s) with $0.00 traded over the last 24 hours. More information can be found at https://nycoin.net."
,http://188.166.38.209/,,0,Dreamcoin,,,coin,DRM,,,http://dreamcoin.fi/,316,dreamcoin,https://t.me/dodreamchainofficial; https://t.me/dodreamchainofficialGroup,,http://dreamcoin.fi/whitepaperb.pdf,,,,,https://s2.coinmarketcap.com/static/img/coins/64x64/316.png,,False,,,2014-05-13T00:00:00.000Z,,DoDreamKOR,,,,https://bitcointalk.org/index.php?topic=620418.420,,https://twitter.com/DoDreamKOR,,"Dreamcoin (DRM) is a cryptocurrency . Dreamcoin has a current supply of 2,740,622.45063828 with 0 in circulation. The last known price of Dreamcoin is 0.00733636 USD and is up 0.00 over the last 24 hours. It is currently trading on 2 active market(s) with $0.00 traded over the last 24 hours. More information can be found at http://dreamcoin.fi/."
OTHERS; ALGORITHM; INDUSTRY; CATEGORY; CATEGORY; CATEGORY; CATEGORY; CATEGORY; CATEGORY,http://moneroblocks.info/; http://chainradar.com/xmr/blocks; https://blockchair.com/monero,,0,Monero,monero,https://github.com/monero-project/monero,coin,XMR,https://reddit.com/r/monero,,https://www.getmonero.org/,328,monero,https://telegram.me/monero,,https://github.com/monero-project/research-lab/blob/master/whitepaper/whitepaper.pdf,,https://forum.getmonero.org/; https://forum.monero.space/,,,https://s2.coinmarketcap.com/static/img/coins/64x64/328.png,,True,,,2014-05-21T00:00:00.000Z,mineable; pow; medium-of-exchange; privacy; ringct; boostvc-portfolio; electric-capital-portfolio; galaxy-digital-portfolio; 2017-2018-alt-season,monero,,,,https://bitcointalk.org/index.php?topic=583449.0,Mineable; PoW; Medium of Exchange; Privacy; RingCT; BoostVC Portfolio; Electric Capital Portfolio; Galaxy Digital Portfolio; 2017/18 Alt season,https://twitter.com/monero,,"Monero (XMR) is a cryptocurrency . Users are able to generate XMR through the process of mining. Monero has a current supply of 18,446,744.07370955. The last known price of Monero is 235.04026707 USD and is down -1.23 over the last 24 hours. It is currently trading on 309 active market(s) with $63,978,119.60 traded over the last 24 hours. More information can be found at https://www.getmonero.org/."
OTHERS; ALGORITHM; ALGORITHM; INDUSTRY; INDUSTRY; INDUSTRY; INDUSTRY,https://chainz.cryptoid.info/cure/,,0,Curecoin,curecoin,https://github.com/cygnusxi/CurecoinSource,coin,CURE,https://reddit.com/r/curecoin,,https://curecoin.net/,333,curecoin,https://discord.gg/2FDg8nu,,,367741.89308451384,,,,https://s2.coinmarketcap.com/static/img/coins/64x64/333.png,,False,,,2014-05-26T00:00:00.000Z,mineable; pow; scrypt; education; distributed-computing; research; depin,CureCoin_Team,,,28959243,https://bitcointalk.org/index.php?topic=603757.0,Mineable; PoW; Scrypt; Education; Distributed Computing; Research; DePIN,https://twitter.com/CureCoin_Team,,"Curecoin (CURE) is a cryptocurrency . Users are able to generate CURE through the process of mining. Curecoin has a current supply of 28,972,100.671238 with 0 in circulation. The last known price of Curecoin is 0.0126986 USD and is up 0.00 over the last 24 hours. It is currently trading on 2 active market(s) with $0.00 traded over the last 24 hours. More information can be found at https://curecoin.net/."
OTHERS; ALGORITHM,http://moto.explorer.superpool.in/,,0,Motocoin,,,coin,MOTO,,,http://motocoin.org/,360,motocoin,,,https://motocoin-dev.github.io/motocoin-site/Motocoin.pdf,154426.66823181504,,,,https://s2.coinmarketcap.com/static/img/coins/64x64/360.png,,False,,,2014-06-03T00:00:00.000Z,mineable; pop,,,,19642673.069064,https://bitcointalk.org/index.php?topic=591724.0,Mineable; PoP,,,"Motocoin (MOTO) is a cryptocurrency . Users are able to generate MOTO through the process of mining. Motocoin has a current supply of 32,173,303.263513 with 0 in circulation. The last known price of Motocoin is 0.00786179 USD and is up 0.00 over the last 24 hours. It is currently trading on 1 active market(s) with $0.00 traded over the last 24 hours. More information can be found at http://motocoin.org/."
ALGORITHM; ALGORITHM; CATEGORY,http://cloakexplorer.com/; http://www.presstab.pw/phpexplorer/CLOAK/index.php; https://chainz.cryptoid.info/cloak/,,0,CloakCoin,Cloak_Coin,https://github.com/CloakProject,coin,CLOAK,https://reddit.com/r/Cloak_Coin,,https://www.cloakcoin.com/,362,cloakcoin,https://t.me/cloakproject; https://chat.cloakcoin.com,,https://www.cloakcoin.com/fr/project/whitepaper,,https://www.cloakcoin.com/en/blog,,,https://s2.coinmarketcap.com/static/img/coins/64x64/362.png,,False,,,2014-06-07T00:00:00.000Z,hybrid-pow-pos; x13; privacy,CloakCoin,,2014-06-03T00:00:00.000Z,,https://bitcointalk.org/index.php?topic=823143.0,Hybrid - PoW & PoS; X13; Privacy,https://twitter.com/CloakCoin,,"CloakCoin (CLOAK) is a cryptocurrency launched in 2014. CloakCoin has a current supply of 6,055,249.91004436. The last known price of CloakCoin is 0.07159318 USD and is up 0.00 over the last 24 hours. It is currently trading on 6 active market(s) with $0.00 traded over the last 24 hours. More information can be found at https://www.cloakcoin.com/."
ALGORITHM; ALGORITHM,http://c2chain.info/,,0,Coin2.1,,,coin,C2,,,http://www.coin2.us,367,coin2-1,,,,76894.22606326357,,,,https://s2.coinmarketcap.com/static/img/coins/64x64/367.png,,False,,,2014-06-08T00:00:00.000Z,hybrid-pow-pos; scrypt,coin2crypto,,,78245974.52,https://bitcointalk.org/index.php?topic=824499.0,Hybrid - PoW & PoS; Scrypt,https://twitter.com/coin2crypto,,"Coin2.1 (C2) is a cryptocurrency . Coin2.1 has a current supply of 133,273,764 with 0 in circulation. The last known price of Coin2.1 is 0.00098272 USD and is up 0.00 over the last 24 hours. It is currently trading on 1 active market(s) with $0.00 traded over the last 24 hours. More information can be found at http://www.coin2.us."
OTHERS; ALGORITHM; ALGORITHM; INDUSTRY; CATEGORY; INDUSTRY,https://explorer.bytecoin.org/; https://minergate.com/blockchain/bcn/blocks; http://chainradar.com/bcn/blocks,,0,Bytecoin,BytecoinBCN,https://github.com/bcndev,coin,BCN,https://reddit.com/r/BytecoinBCN,,https://bytecoin.org/; https://bytecoin-market.com/,372,bytecoin-bcn,https://t.me/bytecoin_chat,,https://bytecoin.org/old/whitepaper.pdf,,https://bytecointalk.org/,,,https://s2.coinmarketcap.com/static/img/coins/64x64/372.png,,False,,,2014-06-17T00:00:00.000Z,mineable; pow; cryptonight; medium-of-exchange; privacy; payments,Bytecoin_BCN,,,,https://bitcointalk.org/index.php?topic=512747.0,Mineable; PoW; CryptoNight; Medium of Exchange; Privacy; Payments,https://twitter.com/Bytecoin_BCN,,"Bytecoin (BCN) is a cryptocurrency . Users are able to generate BCN through the process of mining. Bytecoin has a current supply of 184,066,828,814.058014. The last known price of Bytecoin is 0.00002648 USD and is down -6.94 over the last 24 hours. It is currently trading on 15 active market(s) with $58.89 traded over the last 24 hours. More information can be found at https://bytecoin.org/."
ALGORITHM; INDUSTRY; PLATFORM,https://chainz.cryptoid.info/nav/; https://explorer.navcoin.org/; https://bscscan.com/token/0xbfef6ccfc830d3baca4f6766a0d4aaa242ca9f3d,,0,Navcoin,NavCoin,https://github.com/NAVCoin,coin,NAV,https://reddit.com/r/NavCoin,,http://www.navcoin.org/,377,nav-coin,https://t.me/navcoin; https://discord.gg/y4Vu9jw,bnb,https://doc.nav.community/,,http://medium.com/nav-coin,,BNB,https://s2.coinmarketcap.com/static/img/coins/64x64/377.png,"{'contract_address': '0xBFEf6cCFC830D3BaCA4F6766a0d4AaA242Ca9F3D', 'platform': {'name': 'BNB Smart Chain (BEP20)', 'coin': {'id': '1839', 'name': 'BNB', 'symbol': 'BNB', 'slug': 'bnb'}}}",False,1839,0xBFEf6cCFC830D3BaCA4F6766a0d4AaA242Ca9F3D,2014-06-12T00:00:00.000Z,pos; medium-of-exchange; bnb-chain-ecosystem,NAVCoin,,,,https://bitcointalk.org/index.php?topic=679791.0,PoS; Medium of Exchange; BNB Chain Ecosystem,https://twitter.com/NAVCoin,BNB,"Navcoin (NAV) is a cryptocurrency . Navcoin has a current supply of 76,939,361.4888581 with 0 in circulation. The last known price of Navcoin is 0.04613707 USD and is down -2.34 over the last 24 hours. It is currently trading on 16 active market(s) with $55,990.38 traded over the last 24 hours. More information can be found at http://www.navcoin.org/."
OTHERS; ALGORITHM; ALGORITHM,http://explorer.startcoin.org; https://strat.tokenview.com/en,,0,Startcoin,,https://github.com/startcoin-project,coin,START,,,https://startcoin.org/,389,startcoin,,,,44301.00334154952,,,,https://s2.coinmarketcap.com/static/img/coins/64x64/389.png,,False,,,2014-06-15T00:00:00.000Z,mineable; pow; x11,start_coin,,,45079785,https://bitcointalk.org/index.php?topic=651307.0,Mineable; PoW; X11,https://twitter.com/start_coin,,"Startcoin (START) is a cryptocurrency . Users are able to generate START through the process of mining. Startcoin has a current supply of 70,782,220 with 0 in circulation. The last known price of Startcoin is 0.00098272 USD and is up 0.00 over the last 24 hours. It is currently trading on 1 active market(s) with $0.00 traded over the last 24 hours. More information can be found at https://startcoin.org/."
OTHERS; ALGORITHM; ALGORITHM; ALGORITHM; INDUSTRY; CATEGORY; CATEGORY; INDUSTRY; CATEGORY; PLATFORM,http://explorer2.digitalnote.biz/; http://cnchains.org/xdn/,Collectibles & NFTs; DeFi; Masternodes; Staking; Wallet; BNB Chain Ecosystem,0,DigitalNote,digitalNote,https://github.com/DigitalNoteXDN,coin,XDN,https://reddit.com/r/digitalNote,,https://digitalnote.org/,405,digitalnote,https://t.me/XDNDN; https://discord.gg/4dUquty,bnb,https://digitalnote.biz/whitepaper_stake_award.pdf,,,,BNB,https://s2.coinmarketcap.com/static/img/coins/64x64/405.png,"{'contract_address': '0xbea2576f400b070c7cdf11d1cbb49de0c84e3bcf', 'platform': {'name': 'BNB Smart Chain (BEP20)', 'coin': {'id': '1839', 'name': 'BNB', 'symbol': 'BNB', 'slug': 'bnb'}}}",False,1839,0xbea2576f400b070c7cdf11d1cbb49de0c84e3bcf,2014-06-24T00:00:00.000Z,mineable; hybrid-pow-pos; pow; multiple-algorithms; medium-of-exchange; interoperability; masternodes; payments; staking; bnb-chain-ecosystem,DigitalNoteXDN,https://www.facebook.com/digitalnote,,,https://bitcointalk.org/index.php?topic=4451957.msg39816386#msg39816386,Mineable; Hybrid - PoW & PoS; PoW; Multiple algorithms; Medium of Exchange; Interoperability; Masternodes; Payments; Staking; BNB Chain Ecosystem,https://twitter.com/DigitalNoteXDN,BNB,"DigitalNote (XDN) is a cryptocurrency . Users are able to generate XDN through the process of mining. DigitalNote has a current supply of 8,074,043,323.164733 with 0 in circulation. The last known price of DigitalNote is 0.00002414 USD and is down -5.10 over the last 24 hours. It is currently trading on 11 active market(s) with $1.32 traded over the last 24 hours. More information can be found at https://digitalnote.org/."
OTHERS; ALGORITHM; ALGORITHM; CATEGORY,https://thc.explorer.dexstats.info/,,0,HempCoin,The_HempCoin,https://github.com/jl777/komodo,coin,THC,https://reddit.com/r/The_HempCoin,,http://hempcoin.org/,416,hempcoin,https://t.me/HempCoinOfficial; https://discord.gg/cgEQ5wh,,https://hempcoin.org/thc-whitepaper.html,,https://medium.com/the-center-branch; https://steemit.com/@thehempcoin,,,https://s2.coinmarketcap.com/static/img/coins/64x64/416.png,,False,,,2014-06-28T00:00:00.000Z,mineable; hybrid-pow-pos; scrypt; masternodes,TheHempCoin,,,,https://bitcointalk.org/index.php?topic=506320.0,Mineable; Hybrid - PoW & PoS; Scrypt; Masternodes,https://twitter.com/TheHempCoin,,"HempCoin (THC) is a cryptocurrency . Users are able to generate THC through the process of mining. HempCoin has a current supply of 267,603,035.071 with 267,467,884.8766 in circulation. The last known price of HempCoin is 0.0004262 USD and is up 0.00 over the last 24 hours. It is currently trading on 4 active market(s) with $0.00 traded over the last 24 hours. More information can be found at http://hempcoin.org/."
OTHERS; ALGORITHM; ALGORITHM; INDUSTRY; CATEGORY,https://www.stealthmonitor.org/,,0,Stealth,stealthsend,https://github.com/StealthSend/Stealth/,coin,XST,https://reddit.com/r/stealthsend,,https://stealth.org/,448,stealth,https://stealthsend.slack.com/; https://t.me/stealthsend,,https://github.com/StealthSend/Stealth/wiki/Stealth-Quantum-PoS-(qPoS),,https://medium.com/stealthsend,,,https://s2.coinmarketcap.com/static/img/coins/64x64/448.png,,False,,,2014-07-10T00:00:00.000Z,mineable; hybrid-pow-pos; x13; medium-of-exchange; privacy,stealthsend,,,,https://bitcointalk.org/index.php?topic=836009,Mineable; Hybrid - PoW & PoS; X13; Medium of Exchange; Privacy,https://twitter.com/stealthsend,,"Stealth (XST) is a cryptocurrency . Users are able to generate XST through the process of mining. Stealth has a current supply of 39,630,018.57645603 with 0 in circulation. The last known price of Stealth is 0.02598336 USD and is down -0.07 over the last 24 hours. It is currently trading on 2 active market(s) with $0.00 traded over the last 24 hours. More information can be found at https://stealth.org/."
ALGORITHM; INDUSTRY,https://clam.tokenview.com/en,,0,Clams,CLAMClient,https://github.com/nochowderforyou/clams,coin,CLAM,https://reddit.com/r/CLAMClient,,http://clamcoin.org/,460,clams,,,,,,,,https://s2.coinmarketcap.com/static/img/coins/64x64/460.png,,False,,,2014-08-26T00:00:00.000Z,pow; medium-of-exchange,ClamClient,,,,https://bitcointalk.org/index.php?topic=623147.0,PoW; Medium of Exchange,https://twitter.com/ClamClient,,"Clams (CLAM) is a cryptocurrency . Clams has a current supply of 20,231,368.13048927 with 0 in circulation. The last known price of Clams is 0.20367645 USD and is up 0.00 over the last 24 hours. It is currently trading on 3 active market(s) with $0.00 traded over the last 24 hours. More information can be found at http://clamcoin.org/."
ALGORITHM; ALGORITHM; INDUSTRY; CATEGORY; CATEGORY; PLATFORM,https://bitshares.network; https://blocksights.info,,0,BitShares,bitshares,https://github.com/bitshares,coin,BTS,https://reddit.com/r/bitshares,,https://bitshares.github.io,463,bitshares,https://t.me/BitSharesGroup,,https://bitshares.github.io/docs/#/whitepaper,,https://bitsharestalk.org/,,,https://s2.coinmarketcap.com/static/img/coins/64x64/463.png,,False,,,2014-07-21T00:00:00.000Z,pos; sha-512; marketplace; decentralized-exchange-dex-token; defi; synthetics,BitSharesGroup,,,,https://bitcointalk.org/index.php?topic=1949828,PoS; SHA-512; Marketplace; Decentralized Exchange (DEX) Token; DeFi; Synthetics,https://twitter.com/BitSharesGroup,,"BitShares (BTS) is a cryptocurrency . BitShares has a current supply of 2,995,060,000. The last known price of BitShares is 0.00114404 USD and is up 2.45 over the last 24 hours. It is currently trading on 60 active market(s) with $128,156.38 traded over the last 24 hours. More information can be found at https://bitshares.github.io."
OTHERS; ALGORITHM; ALGORITHM,http://chainz.cryptoid.info/via/; https://explorer.viacoin.org/; https://via.tokenview.com/en/,,0,Viacoin,viacoin,https://github.com/viacoin/viacoin,coin,VIA,https://reddit.com/r/viacoin,,http://viacoin.org,470,viacoin,https://telegram.me/viacoin,,https://github.com/viacoin/documents/blob/master/whitepapers/Viacoin_fullcolor_whitepaper.pdf,,,,,https://s2.coinmarketcap.com/static/img/coins/64x64/470.png,,False,,,2014-07-18T00:00:00.000Z,mineable; pow; scrypt,viacoin,,,,https://bitcointalk.org/index.php?topic=1840789.0,Mineable; PoW; Scrypt,https://twitter.com/viacoin,,"Viacoin (VIA) is a cryptocurrency . Users are able to generate VIA through the process of mining. Viacoin has a current supply of 23,174,754.6077522 with 0 in circulation. The last known price of Viacoin is 0.26533558 USD and is up 0.00 over the last 24 hours. It is currently trading on 3 active market(s) with $0.00 traded over the last 24 hours. More information can be found at http://viacoin.org."
OTHERS; ALGORITHM; ALGORITHM,https://explorer.cryptonite.info/,,0,Cryptonite,,https://github.com/pallas1/Cryptonite/,coin,XCN,,,http://cryptonite.info,501,cryptonite,,,http://cryptonite.info/wiki/index.php?title=Cryptonite,736448.8431881368,,,,https://s2.coinmarketcap.com/static/img/coins/64x64/501.png,,False,,,2014-08-02T00:00:00.000Z,mineable; pow; m7-pow,CryptoniteCoin,,,708506519.70911,https://bitcointalk.org/index.php?topic=1801595,Mineable; PoW; M7 POW,https://twitter.com/CryptoniteCoin,,"Cryptonite (XCN) is a cryptocurrency . Users are able to generate XCN through the process of mining. Cryptonite has a current supply of 1,179,676,328.44070686 with 0 in circulation. The last known price of Cryptonite is 0.00103944 USD and is up 0.00 over the last 24 hours. It is currently trading on 1 active market(s) with $0.00 traded over the last 24 hours. More information can be found at http://cryptonite.info."
OTHERS; ALGORITHM; ALGORITHM,https://chainz.cryptoid.info/carbon/,,0,Carboncoin,,https://github.com/carboncointrust/CarboncoinCore,coin,CARBON,,,http://carboncoin.cc,502,carboncoin,,,,14917956.158372877,,,,https://s2.coinmarketcap.com/static/img/coins/64x64/502.png,,False,,,2014-08-02T00:00:00.000Z,mineable; pow; scrypt,truecarboncoin,,,15392022543.9363,https://bitcointalk.org/index.php?topic=1131250.0,Mineable; PoW; Scrypt,https://twitter.com/truecarboncoin,,"Carboncoin (CARBON) is a cryptocurrency . Users are able to generate CARBON through the process of mining. Carboncoin has a current supply of 15,392,022,543.9363 with 0 in circulation. The last known price of Carboncoin is 0.0009692 USD and is up 0.00 over the last 24 hours. It is currently trading on 1 active market(s) with $0.00 traded over the last 24 hours. More information can be found at http://carboncoin.cc."
OTHERS; ALGORITHM,http://chainz.cryptoid.info/cann/,,0,CannabisCoin,cannabiscoins,https://github.com/cannabiscoindev/cannabiscoin420,coin,CANN,https://reddit.com/r/cannabiscoins,,http://cannabiscoin.net,506,cannabiscoin,,,https://github.com/cannabiscoindev/cannabiscoin420/blob/master/README.md,222631.93584924738,,,,https://s2.coinmarketcap.com/static/img/coins/64x64/506.png,,False,,,2014-08-02T00:00:00.000Z,mineable; pow,cannabiscoins,,,77231175.532608,https://bitcointalk.org/index.php?topic=827998.0,Mineable; PoW,https://twitter.com/cannabiscoins,,"CannabisCoin (CANN) is a cryptocurrency . Users are able to generate CANN through the process of mining. CannabisCoin has a current supply of 335,752,782.67584 with 321,124,782.67584 in circulation. The last known price of CannabisCoin is 0.00288267 USD and is up 0.00 over the last 24 hours. It is currently trading on 1 active market(s) with $0.00 traded over the last 24 hours. More information can be found at http://cannabiscoin.net."
INDUSTRY; INDUSTRY; CATEGORY; CATEGORY; CATEGORY; CATEGORY; CATEGORY,https://dashboard.stellar.org/; https://stellar.expert/explorer/public/; https://steexp.com/; https://blockchair.com/stellar,,0,Stellar,stellar,https://github.com/stellar/stellar-core,coin,XLM,https://reddit.com/r/stellar,,https://www.stellar.org,512,stellar,http://slack.stellar.org/,,https://www.stellar.org/papers/stellar-consensus-protocol.pdf,,https://stellarcommunity.org/; https://galactictalk.org/,,,https://s2.coinmarketcap.com/static/img/coins/64x64/512.png,,False,,,2014-08-05T00:00:00.000Z,medium-of-exchange; enterprise-solutions; decentralized-exchange-dex-token; smart-contracts; hashkey-capital-portfolio; 2017-2018-alt-season; made-in-america,StellarOrg,,,,https://bitcointalk.org/index.php?topic=1428573.0,Medium of Exchange; Enterprise Solutions; Decentralized Exchange (DEX) Token; Smart Contracts; Hashkey Capital Portfolio; 2017/18 Alt season; Made in America,https://twitter.com/StellarOrg,,"Stellar (XLM) is a cryptocurrency . Stellar has a current supply of 50,001,786,894.450165 with 30,617,998,746.985493 in circulation. The last known price of Stellar is 0.32053833 USD and is down -5.10 over the last 24 hours. It is currently trading on 676 active market(s) with $212,508,860.41 traded over the last 24 hours. More information can be found at https://www.stellar.org."
OTHERS; ALGORITHM; CATEGORY; INDUSTRY; CATEGORY; CATEGORY; CATEGORY; CATEGORY; CATEGORY; CATEGORY; CATEGORY; CATEGORY,https://explorer.syscoin.org; https://explorer.rollux.com; https://blockbook.syscoin.org/blocks,PoW; SHA-256; Platform; Masternodes; Layer 1; Modular Blockchain; Data Availability,0,Syscoin,SysCoin,https://github.com/syscoin/syscoin,coin,SYS,https://reddit.com/r/SysCoin,,http://syscoin.org,541,syscoin,https://t.me/Syscoin_Official; https://discord.gg/syscoin,,https://syscoin.org/research-whitepapers,,https://syscoin.org/news,,,https://s2.coinmarketcap.com/static/img/coins/64x64/541.png,,True,,,2014-08-20T00:00:00.000Z,mineable; pow; platform; enterprise-solutions; collectibles-nfts; zero-knowledge-proofs; masternodes; scaling; layer-1; dwf-labs-portfolio; modular-blockchain; data-availability,syscoin,https://www.facebook.com/syscoin,2014-08-16T00:00:00.000Z,,https://bitcointalk.org/index.php?topic=1466445.0,Mineable; PoW; Platform; Enterprise Solutions; Collectibles & NFTs; Zero Knowledge Proofs; Masternodes; Scaling; Layer 1; DWF Labs Portfolio; Modular Blockchain; Data Availability,https://twitter.com/syscoin,,"Syscoin (SYS) is a cryptocurrency launched in 2014. Users are able to generate SYS through the process of mining. Syscoin has a current supply of 805,202,127.5870104. The last known price of Syscoin is 0.06709072 USD and is down -6.82 over the last 24 hours. It is currently trading on 86 active market(s) with $2,076,664.91 traded over the last 24 hours. More information can be found at http://syscoin.org."
OTHERS; ALGORITHM; ALGORITHM,https://explorer.emercoin.com/; https://explorer1.emercoin.com/; https://explorer2.emercoin.com/; https://emc.tokenview.com/,,0,Emercoin,EmerCoin,https://github.com/emercoin/emercoin,coin,EMC,https://reddit.com/r/EmerCoin,,http://emercoin.com/en/,558,emercoin,https://t.me/emercoin_official,,https://emercoin.com/en/documentation/about-emercoin,,,,,https://s2.coinmarketcap.com/static/img/coins/64x64/558.png,,False,,,2014-08-23T00:00:00.000Z,mineable; hybrid-pow-pos; sha-256,emercoin_press,,2021-12-11T00:00:00.000Z,,https://bitcointalk.org/index.php?topic=362513.0,Mineable; Hybrid - PoW & PoS; SHA-256,https://twitter.com/emercoin_press,,"Emercoin (EMC) is a cryptocurrency launched in 2021. Users are able to generate EMC through the process of mining. Emercoin has a current supply of 53,325,333.350977 with 0 in circulation. The last known price of Emercoin is 0.06701782 USD and is up 0.00 over the last 24 hours. It is currently trading on 8 active market(s) with $0.00 traded over the last 24 hours. More information can be found at http://emercoin.com/en/."
OTHERS,http://blockchain.rabbitcoin.co:8080,,0,RabbitCoin,rabbitcoin,https://bitbucket.org/rabbitcoin/rabbitcoin,coin,RBBT,https://reddit.com/r/rabbitcoin,,http://rabbitcoin.co/,572,rabbitcoin,https://t.me/rabbitcoinco; https://discord.gg/EfBEWxB,,https://bitbucket.org/rabbitcoin/rabbitcoin,,,,,https://s2.coinmarketcap.com/static/img/coins/64x64/572.png,,False,,,2014-08-30T00:00:00.000Z,mineable,rabbitcointeam,,,,https://bitcointalk.org/index.php?topic=466621.0,Mineable,https://twitter.com/rabbitcointeam,,"RabbitCoin (RBBT) is a cryptocurrency . Users are able to generate RBBT through the process of mining. RabbitCoin has a current supply of 130,615,575,431.572998 with 0 in circulation. The last known price of RabbitCoin is 0.00098272 USD and is up 0.00 over the last 24 hours. It is currently trading on 1 active market(s) with $0.00 traded over the last 24 hours. More information can be found at http://rabbitcoin.co/."
